folder_a,folder_b,unique_a,unique_b,common,ratio_min,jaccard,files_a,files_b
Paczki INFA/Paczka 2 sem. 23_24/Podstawy Elektroniki i Metrologii/Układy Cyfrowe,Paczki INFA/Paczka 2 sem. 23_24/Układy Cyfrowe,1005,964,964,1.0000,0.9592,1278,1236
Paczka II sem. 21_22/Układy Cyfrowe/gotowce,Paczki INFA/Paczka 2 sem. 23_24/Podstawy Elektroniki i Metrologii/Układy Cyfrowe/gotowce,932,899,899,1.0000,0.9646,1217,1171
Paczka II sem. 21_22/Układy Cyfrowe/gotowce,Paczki INFA/Paczka 2 sem. 23_24/Układy Cyfrowe/gotowce,932,872,872,1.0000,0.9356,1217,1143
Paczki INFA/Paczka 2 sem. 23_24/Podstawy Elektroniki i Metrologii/Układy Cyfrowe/gotowce,Paczki INFA/Paczka 2 sem. 23_24/Układy Cyfrowe/gotowce,899,872,872,1.0000,0.9700,1171,1143
Paczka II sem. 21_22/Układy Cyfrowe/gotowce/MEGAPAKA,Paczki INFA/Paczka 2 sem. 23_24/Podstawy Elektroniki i Metrologii/Układy Cyfrowe/gotowce/MEGAPAKA,848,818,818,1.0000,0.9646,1131,1088
Paczka II sem. 21_22/Układy Cyfrowe/gotowce/MEGAPAKA,Paczki INFA/Paczka 2 sem. 23_24/Układy Cyfrowe/gotowce/MEGAPAKA,848,796,796,1.0000,0.9387,1131,1065
Paczki INFA/Paczka 2 sem. 23_24/Podstawy Elektroniki i Metrologii/Układy Cyfrowe/gotowce/MEGAPAKA,Paczki INFA/Paczka 2 sem. 23_24/Układy Cyfrowe/gotowce/MEGAPAKA,818,796,796,1.0000,0.9731,1088,1065
Paczki INFA/Paczka 3 sem. 23_24/(FW) Fizyka współczesna,Paczki Infa/3 SEM/Stare Paczki/Semestr 3 paczka/Fizyka Współczesna,384,337,337,1.0000,0.8776,388,341
Paczki INFA/Paczka 2 sem. 23_24/Algorytmy i Struktury Danych,Paczki INFA/Paczka 2 sem. 23_24/Podstawy Elektroniki i Metrologii,331,3367,331,1.0000,0.0983,350,3938
Paczka II sem. 21_22/Układy Cyfrowe/gotowce/MEGAPAKA/06. Liczniki scalone,Paczki INFA/Paczka 2 sem. 23_24/Podstawy Elektroniki i Metrologii/Układy Cyfrowe/gotowce/MEGAPAKA/06. Liczniki scalone,286,266,266,1.0000,0.9301,289,269
Paczka II sem. 21_22/Układy Cyfrowe/gotowce/MEGAPAKA/06. Liczniki scalone,Paczki INFA/Paczka 2 sem. 23_24/Układy Cyfrowe/gotowce/MEGAPAKA/06. Liczniki scalone,286,262,262,1.0000,0.9161,289,265
Paczki INFA/Paczka 2 sem. 23_24/Podstawy Elektroniki i Metrologii/Układy Cyfrowe/gotowce/MEGAPAKA/06. Liczniki scalone,Paczki INFA/Paczka 2 sem. 23_24/Układy Cyfrowe/gotowce/MEGAPAKA/06. Liczniki scalone,266,262,262,1.0000,0.9850,269,265
Paczki INFA/Paczka 3 sem. 23_24/(JPR) Języki programowania,Paczki Infa/3 SEM/(JP) Języki Programowania,259,238,238,1.0000,0.9189,339,280
Paczki Infa/3 SEM/(GK) Grafika Komputerowa/Wykład,Paczki Infa/3 SEM/Stare Paczki/Semestr 3 paczka/Grafika Komputerowa/Wykład,238,237,237,1.0000,0.9958,238,237
Paczki Infa/4 SEM/(MN) Metody Numeryczne/Stara Paczka/Lab,Paczki Infa/4 SEM/Stare Paczki/Paczka IV sem/Metody Numeryczne/Lab,237,240,237,1.0000,0.9875,283,287
Paczki Infa/3 SEM/(GK) Grafika Komputerowa/Wykład,Paczki Infa/3 SEM/Stare Paczki/Paczka III sem. 21_22/Grafika Komputerowa/Wykład,238,236,236,1.0000,0.9916,238,241
Paczki Infa/3 SEM/Stare Paczki/Paczka III sem. 21_22/Grafika Komputerowa/Wykład,Paczki Infa/3 SEM/Stare Paczki/Semestr 3 paczka/Grafika Komputerowa/Wykład,236,237,236,1.0000,0.9958,241,237
Paczka II sem. 21_22/Programowanie Obiektowe/python,Paczki INFA/Paczka 2 sem. 23_24/Podstawy Elektroniki i Metrologii/Programowanie Obiektowe/python,233,223,223,1.0000,0.9571,237,227
Paczka II sem. 21_22/Układy Cyfrowe/gotowce/MEGAPAKA/06. Liczniki scalone/lab 6,Paczki INFA/Paczka 2 sem. 23_24/Podstawy Elektroniki i Metrologii/Układy Cyfrowe/gotowce/MEGAPAKA/06. Liczniki scalone/lab 6,242,222,222,1.0000,0.9174,245,225
Paczka II sem. 21_22/Układy Cyfrowe/gotowce/MEGAPAKA/06. Liczniki scalone/lab 6,Paczki INFA/Paczka 2 sem. 23_24/Układy Cyfrowe/gotowce/MEGAPAKA/06. Liczniki scalone/lab 6,242,218,218,1.0000,0.9008,245,221
Paczki INFA/Paczka 2 sem. 23_24/Podstawy Elektroniki i Metrologii/Układy Cyfrowe/gotowce/MEGAPAKA/06. Liczniki scalone/lab 6,Paczki INFA/Paczka 2 sem. 23_24/Układy Cyfrowe/gotowce/MEGAPAKA/06. Liczniki scalone/lab 6,222,218,218,1.0000,0.9820,225,221
Paczka II sem. 21_22/Układy Cyfrowe/gotowce/MEGAPAKA/lab 6,Paczki INFA/Paczka 2 sem. 23_24/Podstawy Elektroniki i Metrologii/Układy Cyfrowe/gotowce/MEGAPAKA/lab 6,235,217,217,1.0000,0.9234,238,219
Paczka II sem. 21_22/Układy Cyfrowe/gotowce/MEGAPAKA/lab 6,Paczki INFA/Paczka 2 sem. 23_24/Układy Cyfrowe/gotowce/MEGAPAKA/lab 6,235,216,216,1.0000,0.9191,238,218
Paczki INFA/Paczka 2 sem. 23_24/Podstawy Elektroniki i Metrologii/Układy Cyfrowe/gotowce/MEGAPAKA/lab 6,Paczki INFA/Paczka 2 sem. 23_24/Układy Cyfrowe/gotowce/MEGAPAKA/lab 6,217,216,216,1.0000,0.9954,219,218
Paczka II sem. 21_22/Układy Cyfrowe/gotowce/MEGAPAKA/lab 6/EW/EW,Paczki INFA/Paczka 2 sem. 23_24/Podstawy Elektroniki i Metrologii/Układy Cyfrowe/gotowce/MEGAPAKA/lab 6/EW/EW,232,214,214,1.0000,0.9224,235,216
Paczka II sem. 21_22/Układy Cyfrowe/gotowce/MEGAPAKA/lab 6/EW/EW,Paczki INFA/Paczka 2 sem. 23_24/Układy Cyfrowe/gotowce/MEGAPAKA/lab 6/EW/EW,232,213,213,1.0000,0.9181,235,215
Paczki INFA/Paczka 2 sem. 23_24/Podstawy Elektroniki i Metrologii/Układy Cyfrowe/gotowce/MEGAPAKA/lab 6/EW/EW,Paczki INFA/Paczka 2 sem. 23_24/Układy Cyfrowe/gotowce/MEGAPAKA/lab 6/EW/EW,214,213,213,1.0000,0.9953,216,215
Paczka II sem. 21_22/Układy Cyfrowe/gotowce/MEGAPAKA/06. Liczniki scalone/lab 6/EW/EW,Paczki INFA/Paczka 2 sem. 23_24/Podstawy Elektroniki i Metrologii/Układy Cyfrowe/gotowce/MEGAPAKA/06. Liczniki scalone/lab 6/EW/EW,227,207,207,1.0000,0.9119,230,210
Paczka II sem. 21_22/Układy Cyfrowe/gotowce/MEGAPAKA/06. Liczniki scalone/lab 6/EW/EW,Paczki INFA/Paczka 2 sem. 23_24/Układy Cyfrowe/gotowce/MEGAPAKA/06. Liczniki scalone/lab 6/EW/EW,227,206,206,1.0000,0.9075,230,209
Paczki INFA/Paczka 2 sem. 23_24/Podstawy Elektroniki i Metrologii/Układy Cyfrowe/gotowce/MEGAPAKA/06. Liczniki scalone/lab 6/EW/EW,Paczki INFA/Paczka 2 sem. 23_24/Układy Cyfrowe/gotowce/MEGAPAKA/06. Liczniki scalone/lab 6/EW/EW,207,206,206,1.0000,0.9952,210,209
Paczki INFA/Paczka 3 sem. 23_24/(FW) Fizyka współczesna/Laby,Paczki Infa/3 SEM/(FW) Fizyka Współczesna/Laby,210,199,199,1.0000,0.9476,214,203
Paczki INFA/Paczka 2 sem. 23_24/Algorytmy i Struktury Danych,Paczki INFA/Paczka 2 sem. 23_24/Podstawy Elektroniki i Metrologii/Algorytmy i Struktury Danych,331,198,198,1.0000,0.5982,350,209
Paczka II sem. 21_22/Układy Cyfrowe/gotowce/MEGAPAKA/06. Liczniki scalone/lab 6/EW/EW/MODELS,Paczki INFA/Paczka 2 sem. 23_24/Podstawy Elektroniki i Metrologii/Układy Cyfrowe/gotowce/MEGAPAKA/06. Liczniki scalone/lab 6/EW/EW/MODELS,178,177,177,1.0000,0.9944,181,180
Paczki INFA/Paczka 2 sem. 23_24/Podstawy Elektroniki i Metrologii/Podstawy Fizyki,Paczki INFA/Paczka 2 sem. 23_24/Podstawy Fizyki,177,176,176,1.0000,0.9944,182,181
Paczki Infa/3 SEM/(GK) Grafika Komputerowa/Wykład/stare,Paczki Infa/3 SEM/Stare Paczki/Paczka III sem. 21_22/Grafika Komputerowa/Wykład/stare,175,175,175,1.0000,1.0000,175,180
Paczki INFA/Paczka 3 sem. 23_24/(JPR) Języki programowania/Stara paczka,Paczki Infa/3 SEM/Stare Paczki/Paczka III sem. 21_22/Języki Programowania,194,158,158,1.0000,0.8144,224,186
Paczka II sem. 21_22/Programowanie Obiektowe/przykladowe projekty/stare (nie wszystkie działają),Paczki INFA/Paczka 2 sem. 23_24/Podstawy Elektroniki i Metrologii/Programowanie Obiektowe/przykladowe projekty/stare (nie wszystkie działają),163,157,157,1.0000,0.9632,166,160
Paczka II sem. 21_22/Programowanie Obiektowe/przykladowe projekty/stare (nie wszystkie działają),Paczki INFA/Paczka 2 sem. 23_24/Programowanie Obiektowe/przykladowe projekty/stare (nie wszystkie działają),163,155,155,1.0000,0.9509,166,158
Paczki INFA/Paczka 2 sem. 23_24/Podstawy Elektroniki i Metrologii/Programowanie Obiektowe/przykladowe projekty/stare (nie wszystkie działają),Paczki INFA/Paczka 2 sem. 23_24/Programowanie Obiektowe/przykladowe projekty/stare (nie wszystkie działają),157,155,155,1.0000,0.9873,160,158
Paczka II sem. 21_22/Układy Cyfrowe/gotowce/MEGAPAKA/lab 6/EW/EW/MODELS,Paczki INFA/Paczka 2 sem. 23_24/Podstawy Elektroniki i Metrologii/Układy Cyfrowe/gotowce/MEGAPAKA/lab 6/EW/EW/MODELS,147,145,145,1.0000,0.9864,149,147
Paczki Infa/3 SEM/(GK) Grafika Komputerowa/Wykład/stare/StareSlajdyLite,Paczki Infa/3 SEM/Stare Paczki/Paczka III sem. 21_22/Grafika Komputerowa/Wykład/stare/StareSlajdyLite,144,144,144,1.0000,1.0000,144,149
Paczki Infa/3 SEM/Stare Paczki/Paczka III sem. 21_22/Podstawy Analizy Algorytmów/Kolokwia,Paczki Infa/3 SEM/Stare Paczki/Semestr 3 paczka/Podstawy Analizy Algorytmów/Kolokwia,155,144,144,1.0000,0.9290,175,163
Paczki Infa/3 SEM/(AKO) Architektura Komputerów/Stara paczka/AKO - grupa,Paczki Infa/3 SEM/Stare Paczki/Paczka III sem. 21_22/Architektura Komputerów/AKO - grupa,131,131,131,1.0000,1.0000,131,131
Paczki INFA/Paczka 3 sem. 23_24/(AKO) Architektura komputerów/stara_paka/Stara paczka/AKO - grupa,Paczki Infa/3 SEM/(AKO) Architektura Komputerów/Stara paczka/AKO - grupa,129,131,129,1.0000,0.9847,129,131
Paczki INFA/Paczka 3 sem. 23_24/(AKO) Architektura komputerów/stara_paka/Stara paczka/AKO - grupa,Paczki Infa/3 SEM/Stare Paczki/Paczka III sem. 21_22/Architektura Komputerów/AKO - grupa,129,131,129,1.0000,0.9847,129,131
Paczki INFA/Paczka 3 sem. 23_24/(JPR) Języki programowania/Stara paczka,Paczki Infa/3 SEM/Stare Paczki/Semestr 3 paczka/Języki Programowania,194,109,109,1.0000,0.5619,224,137
Paczki Infa/3 SEM/Stare Paczki/Paczka III sem. 21_22/Architektura Komputerów/Laby/Gotowiec 6 (2018)+ chyba WSZYSTKIE wejściówki Cejrowskiego,Paczki Infa/3 SEM/Stare Paczki/Semestr 3 paczka/Architektura Komputerów/Laby/Gotowiec 6 (2018)+ chyba WSZYSTKIE wejściówki Cejrowskiego,109,109,109,1.0000,1.0000,114,109
Paczki Infa/3 SEM/Stare Paczki/Paczka III sem. 21_22/Języki Programowania,Paczki Infa/3 SEM/Stare Paczki/Semestr 3 paczka/Języki Programowania,158,109,109,1.0000,0.6899,186,137
Paczka I sem. 22_23/Podstawy Programowania,Paczka I sem./Podstawy Programowania,112,108,108,1.0000,0.9643,136,132
Paczki INFA/Paczka 1 sem. 23_24/memy,Paczki Infa/1 SEM/memy,103,104,103,1.0000,0.9904,103,104
Paczki INFA/Paczka 3 sem. 23_24/(JPR) Języki programowania/Stara paczka/Projekt,Paczki Infa/3 SEM/Stare Paczki/Paczka III sem. 21_22/Języki Programowania/Projekt,133,97,97,1.0000,0.7293,154,116
Paczki INFA/Paczka 3 sem. 23_24/(JPR) Języki programowania/Stara paczka/Projekt,Paczki Infa/3 SEM/Stare Paczki/Semestr 3 paczka/Języki Programowania/Projekt,133,96,96,1.0000,0.7218,154,115
Paczki Infa/3 SEM/Stare Paczki/Paczka III sem. 21_22/Języki Programowania/Projekt,Paczki Infa/3 SEM/Stare Paczki/Semestr 3 paczka/Języki Programowania/Projekt,97,96,96,1.0000,0.9897,116,115
Paczki INFA/Paczka 2 sem. 23_24/Podstawy Elektroniki i Metrologii/Podstawy Elektroniki i Metrologii/Metrologia,Paczki Infa/2 SEM,90,3638,90,1.0000,0.0247,90,4126
Paczki INFA/Paczka 2 sem. 23_24/Podstawy Elektroniki i Metrologii/Metrologia,Paczki INFA/Paczka 2 sem. 23_24/Podstawy Elektroniki i Metrologii/Podstawy Elektroniki i Metrologii/Metrologia,89,90,89,1.0000,0.9889,89,90
Paczki INFA/Paczka 2 sem. 23_24/Podstawy Elektroniki i Metrologii/Metrologia,Paczki Infa/2 SEM,89,3638,89,1.0000,0.0245,89,4126
Paczka II sem. 21_22/Programowanie Obiektowe/laborki/Lab 2,Paczki INFA/Paczka 2 sem. 23_24/Podstawy Elektroniki i Metrologii/Programowanie Obiektowe/laborki/Lab 2,93,88,88,1.0000,0.9462,95,90
Paczka II sem. 21_22/Programowanie Obiektowe/przykladowe projekty/stare (nie wszystkie działają)/zestaw 2,Paczki INFA/Paczka 2 sem. 23_24/Podstawy Elektroniki i Metrologii/Programowanie Obiektowe/przykladowe projekty/stare (nie wszystkie działają)/zestaw 2,93,88,88,1.0000,0.9462,96,91
Paczki Infa/4 SEM/(MN) Metody Numeryczne/Stara Paczka/Lab/Labki (2019),Paczki Infa/4 SEM/Stare Paczki/Paczka IV sem/Metody Numeryczne/Lab/Labki (2019),87,88,87,1.0000,0.9886,88,89
Paczka II sem. 21_22/Programowanie Obiektowe/przykladowe projekty/stare (nie wszystkie działają)/zestaw 2,Paczki INFA/Paczka 2 sem. 23_24/Programowanie Obiektowe/przykladowe projekty/stare (nie wszystkie działają)/zestaw 2,93,86,86,1.0000,0.9247,96,89
Paczki INFA/Paczka 2 sem. 23_24/Podstawy Elektroniki i Metrologii/Programowanie Obiektowe/przykladowe projekty/stare (nie wszystkie działają)/zestaw 2,Paczki INFA/Paczka 2 sem. 23_24/Programowanie Obiektowe/przykladowe projekty/stare (nie wszystkie działają)/zestaw 2,88,86,86,1.0000,0.9773,91,89
Paczka II sem. 21_22/Programowanie Obiektowe/laborki/Lab 2,Paczki INFA/Paczka 2 sem. 23_24/Programowanie Obiektowe/laborki/Lab 2,93,81,81,1.0000,0.8710,95,83
Paczki INFA/Paczka 2 sem. 23_24/Podstawy Elektroniki i Metrologii/Programowanie Obiektowe/laborki/Lab 2,Paczki INFA/Paczka 2 sem. 23_24/Programowanie Obiektowe/laborki/Lab 2,88,81,81,1.0000,0.9205,90,83
Paczki INFA/Paczka 3 sem. 23_24/(FW) Fizyka współczesna/Kolokwium,Paczki Infa/3 SEM/Stare Paczki/Semestr 3 paczka/Fizyka Współczesna/Kolokwium,89,81,81,1.0000,0.9101,89,81
Paczki INFA/Paczka 3 sem. 23_24/(MII) Multimedia i Interfejsy/Stara Paczka,Paczki Infa/3 SEM/(MII) Multimedia i Interfejsy/Stara Paczka,81,82,81,1.0000,0.9878,82,83
Paczki Infa/3 SEM/Stare Paczki/Paczka III sem. 21_22/Fizyka Współczesna/Kolokwium,Paczki Infa/3 SEM/Stare Paczki/Semestr 3 paczka/Fizyka Współczesna/Kolokwium,84,81,81,1.0000,0.9643,84,81
Paczki INFA/Paczka 3 sem. 23_24/(AKO) Architektura komputerów/stara_paka/Stara paczka/Laby/Gotowiec 6 (2018)+ chyba WSZYSTKIE wejściówki Cejrowskiego,Paczki Infa/3 SEM/Stare Paczki/Paczka III sem. 21_22/Architektura Komputerów/Laby/Gotowiec 6 (2018)+ chyba WSZYSTKIE wejściówki Cejrowskiego,69,109,69,1.0000,0.6330,69,114
Paczki INFA/Paczka 3 sem. 23_24/(AKO) Architektura komputerów/stara_paka/Stara paczka/Laby/Gotowiec 6 (2018)+ chyba WSZYSTKIE wejściówki Cejrowskiego,Paczki Infa/3 SEM/Stare Paczki/Semestr 3 paczka/Architektura Komputerów/Laby/Gotowiec 6 (2018)+ chyba WSZYSTKIE wejściówki Cejrowskiego,69,109,69,1.0000,0.6330,69,109
Paczka II sem. 21_22/Jezyk Angielski/podreczniki,Paczki INFA/Paczka 2 sem. 23_24/Podstawy Elektroniki i Metrologii/Jezyk Angielski/podreczniki,67,71,67,1.0000,0.9437,67,71
Paczka II sem. 21_22/Matematyka Dyskretna/ćwiczenia,Paczki INFA/Paczka 2 sem. 23_24/Algorytmy i Struktury Danych/Matematyka Dyskretna/ćwiczenia,82,65,65,1.0000,0.7927,82,65
Paczka II sem. 21_22/Matematyka Dyskretna/ćwiczenia/Notatki-ćw.Jastrzebski,Paczki INFA/Paczka 2 sem. 23_24/Algorytmy i Struktury Danych/Matematyka Dyskretna/ćwiczenia/Notatki-ćw.Jastrzebski,68,63,63,1.0000,0.9265,68,63
Paczka II sem. 21_22/Programowanie Obiektowe/przykladowe projekty/PrOb_proj3/venv/Lib/site-packages/pygame/tests,Paczki INFA/Paczka 2 sem. 23_24/Podstawy Elektroniki i Metrologii/Programowanie Obiektowe/przykladowe projekty/PrOb_proj3/venv/Lib/site-packages/pygame/tests,75,63,63,1.0000,0.8400,99,87
Paczka II sem. 21_22/Podstawy Elektroniki i Metrologii/Metrologia/Laborki,Paczki INFA/Paczka 2 sem. 23_24/Podstawy Elektroniki i Metrologii/Metrologia/Laborki,75,62,62,1.0000,0.8267,75,62
Paczki Infa/3 SEM/(GK) Grafika Komputerowa/Wykład/stare 17-18,Paczki Infa/3 SEM/Stare Paczki/Paczka III sem. 21_22/Grafika Komputerowa/Wykład/slajdy 17-18,62,61,61,1.0000,0.9839,62,61
Paczki INFA/Paczka 2 sem. 23_24/Podstawy Elektroniki i Metrologii/Elektronika,Paczki INFA/Paczka 2 sem. 23_24/Podstawy Elektroniki i Metrologii/Podstawy Elektroniki i Metrologii/Elektronika,60,63,60,1.0000,0.9524,60,63
Paczki INFA/Paczka 3 sem. 23_24/(BD) Bazy Danych/Wykłady,Paczki Infa/3 SEM/(BD) Bazy Danych/Wykłady,65,58,58,1.0000,0.8923,66,59
Paczki INFA/Paczka 1 sem. 23_24/memy/pg-related,Paczki Infa/1 SEM/memy/pg-related,57,58,57,1.0000,0.9828,57,58
Paczki Infa/4 SEM/(MN) Metody Numeryczne/Stara Paczka/Lab/2020,Paczki Infa/4 SEM/Stare Paczki/Paczka IV sem/Metody Numeryczne/Lab/2020,57,60,57,1.0000,0.9500,57,60
Paczka II sem. 21_22/Programowanie Obiektowe/egzamin,Paczki INFA/Paczka 2 sem. 23_24/Podstawy Elektroniki i Metrologii/Programowanie Obiektowe/egzamin,53,66,53,1.0000,0.8030,54,67
Paczka I sem. 22_23/Podstawy Programowania/Laboratorium,Paczka I sem./Podstawy Programowania/Laboratorium,51,50,50,1.0000,0.9804,51,50
Paczki INFA/Paczka 3 sem. 23_24/(JPR) Języki programowania/Projekty,Paczki Infa/3 SEM/(JP) Języki Programowania/Projekty,92,50,50,1.0000,0.5435,106,51
Paczki INFA/Paczka 3 sem. 23_24/(AKO) Architektura komputerów/stara_paka/Stara paczka/Notatki,Paczki Infa/3 SEM/(AKO) Architektura Komputerów/Stara paczka/Notatki,47,117,47,1.0000,0.4017,47,117
Paczka I sem. 22_23/Humanistyka Dla Inżynierów,Paczka I sem./Humanistyka Dla Inżynierów,157,46,46,1.0000,0.2930,158,47
Paczka II sem. 21_22/Programowanie Obiektowe/przykladowe projekty/PrOb_proj1,Paczki INFA/Paczka 2 sem. 23_24/Podstawy Elektroniki i Metrologii/Programowanie Obiektowe/przykladowe projekty/PrOb_proj1,54,45,45,1.0000,0.8333,54,45
Paczka II sem. 21_22/Programowanie Obiektowe/przykladowe projekty/PrOb_proj1/PrOb_proj1,Paczki INFA/Paczka 2 sem. 23_24/Podstawy Elektroniki i Metrologii/Programowanie Obiektowe/przykladowe projekty/PrOb_proj1/PrOb_proj1,52,43,43,1.0000,0.8269,52,43
Paczki Infa/3 SEM/Stare Paczki/Paczka III sem. 21_22/Podstawy Analizy Algorytmów/Kolokwia/Czyste Zadania,Paczki Infa/3 SEM/Stare Paczki/Semestr 3 paczka/Podstawy Analizy Algorytmów/Kolokwia/Czyste Zadania,46,43,43,1.0000,0.9348,48,44
Paczka I sem./Humanistyka Dla Inżynierów/Prawo patentowe,Paczki INFA/Paczka 1 sem. 23_24/(HDMI) Humanistyka dla Inżynierów/Prawo Patentowe - wykład,41,41,41,1.0000,1.0000,42,42
Paczka II sem. 21_22/Programowanie Obiektowe/python/cdn.tutorialspoint.com,Paczki INFA/Paczka 2 sem. 23_24/Podstawy Elektroniki i Metrologii/Programowanie Obiektowe/python/cdn.tutorialspoint.com,49,41,41,1.0000,0.8367,50,42
Paczki Infa/3 SEM/(MII) Multimedia i Interfejsy/Stara Paczka/Laby,Paczki Infa/3 SEM/Stare Paczki/Semestr 3 paczka/Multimedia i Interfejsy/Laby,40,41,40,1.0000,0.9756,41,42
Paczka II sem. 21_22/Algorytmy i Struktury Danych/Lab,Paczki INFA/Paczka 2 sem. 23_24/Algorytmy i Struktury Danych/Lab,39,52,39,1.0000,0.7500,39,52
Paczka II sem. 21_22/Algorytmy i Struktury Danych/Lab,Paczki Infa/2 SEM/(AiSD) Algorytmy i Struktury Danych/Laby,39,55,39,1.0000,0.7091,39,55
Paczka II sem. 21_22/Programowanie Obiektowe/przykladowe projekty/stare (nie wszystkie działają)/zestaw 3/projekt-po-c++/C++,Paczki INFA/Paczka 2 sem. 23_24/Podstawy Elektroniki i Metrologii/Programowanie Obiektowe/przykladowe projekty/stare (nie wszystkie działają)/zestaw 3/projekt-po-c++/C++,40,39,39,1.0000,0.9750,40,39
Paczka II sem. 21_22/Systemy Operacyjne/2020/SO,Paczki INFA/Paczka 2 sem. 23_24/Systemy Operacyjne/2020/SO,40,39,39,1.0000,0.9750,40,39
Paczki INFA/Paczka 3 sem. 23_24/(MII) Multimedia i Interfejsy/Stara Paczka/Laby,Paczki Infa/3 SEM/(MII) Multimedia i Interfejsy/Stara Paczka/Laby,39,40,39,1.0000,0.9750,40,41
Paczki INFA/Paczka 3 sem. 23_24/(MII) Multimedia i Interfejsy/Stara Paczka/Laby,Paczki Infa/3 SEM/Stare Paczki/Semestr 3 paczka/Multimedia i Interfejsy/Laby,39,41,39,1.0000,0.9512,40,42
Paczki INFA/Paczka 3 sem. 23_24/(AKO) Architektura komputerów/stara_paka/Stara paczka/Laby/2021_wejsciowki+trescZadan,Paczki INFA/Paczka 3 sem. 23_24/(AKO) Architektura komputerów/stara_paka/Stara paczka/Laby/wejściówki2020,41,36,36,1.0000,0.8780,49,44
Paczka II sem. 21_22/Programowanie Obiektowe/przykladowe projekty/stare (nie wszystkie działają)/zestaw 2/Projekt cpp,Paczki INFA/Paczka 2 sem. 23_24/Podstawy Elektroniki i Metrologii/Programowanie Obiektowe/przykladowe projekty/stare (nie wszystkie działają)/zestaw 2/Projekt cpp,37,35,35,1.0000,0.9459,38,36
Paczka II sem. 21_22/Programowanie Obiektowe/python/cdn.tutorialspoint.com/scripts,Paczki INFA/Paczka 2 sem. 23_24/Podstawy Elektroniki i Metrologii/Programowanie Obiektowe/python/cdn.tutorialspoint.com/scripts,39,35,35,1.0000,0.8974,39,35
Paczki Infa/4 SEM/(PT) Platformy Technologiczne/Stara Paczka,Paczki Infa/4 SEM/(PT) Platformy Technologiczne/Wykłady/Slajdy/Slajdy-(przed-2024),362,34,34,1.0000,0.0939,388,35
Paczka II sem. 21_22/Programowanie Obiektowe/przykladowe projekty/PrOb_proj3/venv/Lib/site-packages/pygame/examples/data,Paczki INFA/Paczka 2 sem. 23_24/Podstawy Elektroniki i Metrologii/Programowanie Obiektowe/przykladowe projekty/PrOb_proj3/venv/Lib/site-packages/pygame/examples/data,34,33,33,1.0000,0.9706,34,33
Paczka II sem. 21_22/Programowanie Obiektowe/przykladowe projekty/stare (nie wszystkie działają)/zestaw 2/Projekt Java,Paczki INFA/Paczka 2 sem. 23_24/Podstawy Elektroniki i Metrologii/Programowanie Obiektowe/przykladowe projekty/stare (nie wszystkie działają)/zestaw 2/Projekt Java,36,33,33,1.0000,0.9167,38,35
Paczka II sem. 21_22/Programowanie Obiektowe/przykladowe projekty/stare (nie wszystkie działają)/zestaw 2/Projekt cpp,Paczki INFA/Paczka 2 sem. 23_24/Programowanie Obiektowe/przykladowe projekty/stare (nie wszystkie działają)/zestaw 2/Projekt cpp,37,33,33,1.0000,0.8919,38,34
Paczki INFA/Paczka 2 sem. 23_24/Podstawy Elektroniki i Metrologii/Programowanie Obiektowe/przykladowe projekty/stare (nie wszystkie działają)/zestaw 2/Projekt cpp,Paczki INFA/Paczka 2 sem. 23_24/Programowanie Obiektowe/przykladowe projekty/stare (nie wszystkie działają)/zestaw 2/Projekt cpp,35,33,33,1.0000,0.9429,36,34
Paczki INFA/Paczka 3 sem. 23_24/(BD) Bazy Danych/Wykłady/Egzamin,Paczki Infa/3 SEM/Stare Paczki/Paczka III sem. 21_22/Bazy Danych/Egzamin,33,34,33,1.0000,0.9706,33,34
Paczki Infa/3 SEM/Stare Paczki/Paczka III sem. 21_22/Podstawy Analizy Algorytmów/Notatki,Paczki Infa/3 SEM/Stare Paczki/Semestr 3 paczka/Podstawy Analizy Algorytmów/Notatki,35,33,33,1.0000,0.9429,35,33
Paczka II sem. 21_22/Programowanie Obiektowe/przykladowe projekty/stare (nie wszystkie działają)/zestaw 2/Projekt Java/VirtualWorld,Paczki INFA/Paczka 2 sem. 23_24/Podstawy Elektroniki i Metrologii/Programowanie Obiektowe/przykladowe projekty/stare (nie wszystkie działają)/zestaw 2/Projekt Java/VirtualWorld,35,32,32,1.0000,0.9143,35,32
Paczki Infa/3 SEM/(PAA) Podstawy Analizy Algorytmów/Egzamin/Stare/Rozwiązane Zadania,Paczki Infa/3 SEM/Stare Paczki/Paczka III sem. 21_22/Podstawy Analizy Algorytmów/Kolokwia/Rozwiązane Zadania,32,40,32,1.0000,0.8000,35,43
Paczki Infa/4 SEM/(PT) Platformy Technologiczne/Stara Paczka/Wykład,Paczki Infa/4 SEM/(PT) Platformy Technologiczne/Wykłady/Slajdy/Slajdy-(przed-2024),32,34,32,1.0000,0.9412,33,35
Paczka II sem. 21_22/Memy,Paczki INFA/Paczka 2 sem. 23_24/Podstawy Elektroniki i Metrologii/Memy,30,48,30,1.0000,0.6250,30,48
Paczki INFA/Paczka 2 sem. 23_24/Podstawy Elektroniki i Metrologii/Podstawy Elektroniki i Metrologii,SEM2/PEiM_Podstawy_Elektroniki_i_Metrologii,202,30,30,1.0000,0.1485,207,30
Paczki Infa/4 SEM/(MN) Metody Numeryczne/Stara Paczka/Projekt/Projekty (2018)/Projekt 3,Paczki Infa/4 SEM/Stare Paczki/Paczka IV sem/Metody Numeryczne/Projekt/Projekty (2018)/Projekt 3,30,49,30,1.0000,0.6122,30,49
Paczka II sem. 21_22/Programowanie Obiektowe/przykladowe projekty/stare (nie wszystkie działają)/zestaw 2/Projekt cpp/World,Paczki INFA/Paczka 2 sem. 23_24/Podstawy Elektroniki i Metrologii/Programowanie Obiektowe/przykladowe projekty/stare (nie wszystkie działają)/zestaw 2/Projekt cpp/World,29,28,28,1.0000,0.9655,29,28
Paczki INFA/Paczka 3 sem. 23_24/(AKO) Architektura komputerów/stara_paka/Stara paczka/Laby/Gotowiec 5 (2018),Paczki Infa/3 SEM/Stare Paczki/Paczka III sem. 21_22/Architektura Komputerów/Laby/Gotowiec 5 (2018),28,56,28,1.0000,0.5000,28,56
Paczki Infa/4 SEM/(MN) Metody Numeryczne/Stara Paczka/Projekt/Projekty (stare)/Projekt 1,Paczki Infa/4 SEM/Stare Paczki/Paczka IV sem/Metody Numeryczne/Projekt/Projekty (stare)/Projekt 1,28,69,28,1.0000,0.4058,31,72
Paczki Infa/4 SEM/(SI) Sztuczna Inteligencja/Stara Paczka/Lab/Labki (Jeszcze Starsze)/labki 2014/lab1,Paczki Infa/4 SEM/Stare Paczki/Paczka IV sem/Sztuczna Inteligencja/Lab/Labki (Jeszcze Starsze)/labki 2014/lab1,27,28,27,1.0000,0.9643,30,31
Paczka I sem. 22_23/Podstawy Programowania/Egzaminy,Paczka I sem./Podstawy Programowania/Egzaminy,29,26,26,1.0000,0.8966,29,26
Paczka I sem./Podstawy Programowania/Egzaminy,Paczki INFA/Paczka 1 sem. 23_24/(PP) Podstawy Programowania/Egzamin,26,55,26,1.0000,0.4727,26,55
Paczka II sem. 21_22/Systemy Operacyjne/2020/SO/Laby,Paczki INFA/Paczka 2 sem. 23_24/Systemy Operacyjne/2020/SO/Laby,27,26,26,1.0000,0.9630,27,26
Paczka II sem. 21_22/Układy Cyfrowe/gotowce/MEGAPAKA/06. Liczniki scalone/lab 6/EW/EW/MODELS/OPAMP_5T,Paczki INFA/Paczka 2 sem. 23_24/Podstawy Elektroniki i Metrologii/Układy Cyfrowe/gotowce/MEGAPAKA/06. Liczniki scalone/lab 6/EW/EW/MODELS/OPAMP_5T,27,26,26,1.0000,0.9630,29,28
Paczki INFA/Paczka 3 sem. 23_24/(PAA) Podstawy Analizy Algorytmów/patologia (2023 pozdrawia),Paczki Infa/3 SEM/(PAA) Podstawy Analizy Algorytmów/PAAtologia/(2023 pod nowym reżimem pozdrawia),37,26,26,1.0000,0.7027,38,26
Paczki Infa/4 SEM/Stare Paczki/Paczka IV sem/Systemy Wbudowane i Mikroprocesory/Labki/PIC/1.3/wzorzec,Paczki Infa/4 SEM/Stare Paczki/Paczka IV sem/Systemy Wbudowane i Mikroprocesory/Labki/PIC/cw3usart,26,39,26,1.0000,0.6667,26,39
Paczka I sem. 22_23/Analiza Matematyczna,Paczka I sem./Analiza Matematyczna,29,25,25,1.0000,0.8621,29,25
Paczka II sem. 21_22/Programowanie Obiektowe/laborki/Lab 2/ConsoleApplication1,Paczki INFA/Paczka 2 sem. 23_24/Podstawy Elektroniki i Metrologii/Programowanie Obiektowe/laborki/Lab 2/ConsoleApplication1,26,25,25,1.0000,0.9615,26,25
Paczki INFA/Paczka 3 sem. 23_24/(MII) Multimedia i Interfejsy/Stara Paczka/Egzamin,Paczki Infa/3 SEM/Stare Paczki/Semestr 3 paczka/Multimedia i Interfejsy/Egzamin,27,25,25,1.0000,0.9259,27,25
Paczka I sem. 22_23/Szkolenia,Paczka I sem./Szkolenia,109,24,24,1.0000,0.2202,109,24
Paczka II sem. 21_22/Układy Cyfrowe/gotowce/MEGAPAKA/LAB NR 10,Paczki INFA/Paczka 2 sem. 23_24/Układy Cyfrowe/gotowce/MEGAPAKA/LAB NR 10,26,24,24,1.0000,0.9231,26,24
Paczki Infa/3 SEM/Stare Paczki/Paczka III sem. 21_22/Bazy Danych/Wykład,Paczki Infa/3 SEM/Stare Paczki/Semestr 3 paczka/Bazy Danych/Wykład,25,24,24,1.0000,0.9600,26,25
Paczka I sem. 22_23/Matematyka Elementarna,Paczka I sem./Matematyka Elementarna,26,23,23,1.0000,0.8846,26,23
Paczka II sem. 21_22/Podstawy Elektroniki i Metrologii/Elektronika/Laborki,Paczki INFA/Paczka 2 sem. 23_24/Podstawy Elektroniki i Metrologii/Podstawy Elektroniki i Metrologii/Elektronika/Laborki,55,23,23,1.0000,0.4182,55,23
Paczka II sem. 21_22/Programowanie Obiektowe/laborki/Lab 2/ConsoleApplication1,Paczki INFA/Paczka 2 sem. 23_24/Programowanie Obiektowe/laborki/Lab 2/ConsoleApplication1,26,23,23,1.0000,0.8846,26,23
Paczki INFA/Paczka 2 sem. 23_24/Podstawy Elektroniki i Metrologii/Programowanie Obiektowe/laborki/Lab 2/ConsoleApplication1,Paczki INFA/Paczka 2 sem. 23_24/Programowanie Obiektowe/laborki/Lab 2/ConsoleApplication1,25,23,23,1.0000,0.9200,25,23
Paczki INFA/Paczka 3 sem. 23_24/(AKO) Architektura komputerów/stara_paka/Stara paczka/Notatki/notatki Wer,Paczki Infa/3 SEM/(AKO) Architektura Komputerów/Stara paczka/Notatki/notatki Wer,23,92,23,1.0000,0.2500,23,92
Paczki Infa/3 SEM/Memy,Paczki Infa/3 SEM/Stare Paczki/Paczka III sem. 21_22/Śmiechu Warte,47,23,23,1.0000,0.4894,47,23
Paczki Infa/3 SEM/Memy,Paczki Infa/3 SEM/Stare Paczki/Semestr 3 paczka/paciukk,47,22,22,1.0000,0.4681,47,22
Paczki Infa/3 SEM/Stare Paczki/Paczka III sem. 21_22/Śmiechu Warte,Paczki Infa/3 SEM/Stare Paczki/Semestr 3 paczka/paciukk,23,22,22,1.0000,0.9565,23,22
Paczki Infa/4 SEM/(MN) Metody Numeryczne/Stara Paczka/Projekt/Projekty (stare)/Projekt 3/Przykład 1 (2017),Paczki Infa/4 SEM/Stare Paczki/Paczka IV sem/Metody Numeryczne/Projekt/Projekty (stare)/Projekt 3/Przykład 1 (2017),22,39,22,1.0000,0.5641,23,40
Paczka I sem. 22_23/Algebra Liniowa,Paczka I sem./Algebra Liniowa,27,21,21,1.0000,0.7778,27,21
Paczka II sem. 21_22/Podstawy Elektroniki i Metrologii/Metrologia/Laborki/sprawozdania,Paczki INFA/Paczka 2 sem. 23_24/Podstawy Elektroniki i Metrologii/Metrologia/Laborki/sprawozdania,34,21,21,1.0000,0.6176,34,21
Paczka II sem. 21_22/Układy Cyfrowe/2020,Paczki INFA/Paczka 2 sem. 23_24/Układy Cyfrowe/2020,35,21,21,1.0000,0.6000,35,21
Paczki Infa/4 SEM/(SI) Sztuczna Inteligencja/Stara Paczka/Lab/2020,Paczki Infa/4 SEM/Stare Paczki/Paczka IV sem/Sztuczna Inteligencja/Lab/2020,21,23,21,1.0000,0.9130,24,26
Paczki Infa/4 SEM/(SK) Sieci Komputerowe/Wykłady,V semestr 2024_2025/(ETI) Tworzenie rozwiązań typu Big Data/Computer networks/archiwumNowickiWozniak,21,48,21,1.0000,0.4375,21,60
Paczka II sem. 21_22/Podstawy Elektroniki i Metrologii/Elektronika/Laborki,Paczki INFA/Paczka 2 sem. 23_24/Podstawy Elektroniki i Metrologii/Elektronika/Laborki,55,20,20,1.0000,0.3636,55,20
Paczka II sem. 21_22/Podstawy Fizyki/ćwiczenia,Paczki INFA/Paczka 2 sem. 23_24/Podstawy Elektroniki i Metrologii/Podstawy Fizyki/ćwiczenia,20,23,20,1.0000,0.8696,25,28
Paczka II sem. 21_22/Programowanie Obiektowe/laborki/Lab 2/Zadanie 5,Paczki INFA/Paczka 2 sem. 23_24/Podstawy Elektroniki i Metrologii/Programowanie Obiektowe/laborki/Lab 2/Zadanie 5,21,20,20,1.0000,0.9524,21,20
Paczki INFA/Paczka 2 sem. 23_24/Podstawy Elektroniki i Metrologii/Elektronika/Laborki,Paczki INFA/Paczka 2 sem. 23_24/Podstawy Elektroniki i Metrologii/Podstawy Elektroniki i Metrologii/Elektronika/Laborki,20,23,20,1.0000,0.8696,20,23
Paczki INFA/Paczka 3 sem. 23_24/(JPR) Języki programowania/Projekty/1-Ada,Paczki Infa/3 SEM/(JP) Języki Programowania/Projekty/1-Ada,23,20,20,1.0000,0.8696,24,21
Paczki Infa/3 SEM/Memy/Paciuk,Paczki Infa/3 SEM/Stare Paczki/Paczka III sem. 21_22/Śmiechu Warte,20,23,20,1.0000,0.8696,20,23
Paczki Infa/3 SEM/Memy/Paciuk,Paczki Infa/3 SEM/Stare Paczki/Semestr 3 paczka/paciukk,20,22,20,1.0000,0.9091,20,22
Paczki Infa/4 SEM/(MN) Metody Numeryczne/Stara Paczka/Projekt/Projekty (2018)/Projekt 1,Paczki Infa/4 SEM/Stare Paczki/Paczka IV sem/Metody Numeryczne/Projekt/Projekty (2018)/Projekt 1,20,32,20,1.0000,0.6250,21,33
Paczka I sem. 22_23/Wytwarzanie Aplikacji Internetowych,Paczka I sem./Wytwarzanie Aplikacji Internetowych/Notatki,141,19,19,1.0000,0.1348,154,19
Paczka I sem./Wytwarzanie Aplikacji Internetowych/Notatki,Paczki INFA/Paczka 1 sem. 23_24/(WAI) Wytwarzania Aplikacji Internetowych/Notatki,19,20,19,1.0000,0.9500,19,20
Paczka II sem. 21_22/Podstawy Elektroniki i Metrologii/Elektronika/Wyklad,Paczki INFA/Paczka 2 sem. 23_24/Podstawy Elektroniki i Metrologii/Elektronika/Wyklad,31,19,19,1.0000,0.6129,31,19
Paczka II sem. 21_22/Programowanie Obiektowe/laborki/Lab 2/Zadanie 5,Paczki INFA/Paczka 2 sem. 23_24/Programowanie Obiektowe/laborki/Lab 2/Zadanie 5,21,19,19,1.0000,0.9048,21,19
Paczka II sem. 21_22/Układy Cyfrowe/2020/UC,Paczki INFA/Paczka 2 sem. 23_24/Układy Cyfrowe/2020/UC,33,19,19,1.0000,0.5758,33,19
Paczki INFA/Paczka 2 sem. 23_24/Podstawy Elektroniki i Metrologii/Programowanie Obiektowe/laborki/Lab 2/Zadanie 5,Paczki INFA/Paczka 2 sem. 23_24/Programowanie Obiektowe/laborki/Lab 2/Zadanie 5,20,19,19,1.0000,0.9500,20,19
Paczki INFA/Paczka 3 sem. 23_24/(AKO) Architektura komputerów/stara_paka/Stara paczka/Laby/2019,Paczki Infa/3 SEM/Stare Paczki/Paczka III sem. 21_22/Architektura Komputerów/Laby/2019,19,685,19,1.0000,0.0277,20,729
Paczki INFA/Paczka 3 sem. 23_24/(AKO) Architektura komputerów/stara_paka/Stara paczka/Laby/2019,Paczki Infa/3 SEM/Stare Paczki/Semestr 3 paczka/Architektura Komputerów/Laby/2019,19,685,19,1.0000,0.0277,20,729
Paczki INFA/Paczka 3 sem. 23_24/(AKO) Architektura komputerów/stara_paka/Stara paczka/Laby/Gotowiec 6 (2018)+ chyba WSZYSTKIE wejściówki Cejrowskiego/lab5,Paczki Infa/3 SEM/Stare Paczki/Paczka III sem. 21_22/Architektura Komputerów/Laby/Gotowiec 6 (2018)+ chyba WSZYSTKIE wejściówki Cejrowskiego/lab5,19,19,19,1.0000,1.0000,19,24
Paczki Infa/4 SEM/(MN) Metody Numeryczne/Stara Paczka/Projekt/Projekty (2018)/Projekt 1/Przykład 2,Paczki Infa/4 SEM/Stare Paczki/Paczka IV sem/Metody Numeryczne/Projekt/Projekty (2018)/Projekt 1/Przykład 2,19,31,19,1.0000,0.6129,19,31
Paczki Infa/4 SEM/(MN) Metody Numeryczne/Stara Paczka/Projekt/Projekty (2018)/Projekt 3/Przykład 2,Paczki Infa/4 SEM/Stare Paczki/Paczka IV sem/Metody Numeryczne/Projekt/Projekty (2018)/Projekt 3/Przykład 2,19,38,19,1.0000,0.5000,19,38
Paczki Infa/4 SEM/(MN) Metody Numeryczne/Stara Paczka/Projekt/Projekty (stare)/Projekt 1/Przykład 2 (2017),Paczki Infa/4 SEM/Stare Paczki/Paczka IV sem/Metody Numeryczne/Projekt/Projekty (stare)/Projekt 1/Przykład 2 (2017),19,37,19,1.0000,0.5135,21,39
Paczka II sem. 21_22/Podstawy Elektroniki i Metrologii/Elektronika/Wyklad/stare jakies,Paczki INFA/Paczka 2 sem. 23_24/Podstawy Elektroniki i Metrologii/Elektronika/Wyklad/stare jakies,20,18,18,1.0000,0.9000,20,18
Paczka II sem. 21_22/Programowanie Obiektowe/laborki/Lab 1/Lab1,Paczki INFA/Paczka 2 sem. 23_24/Programowanie Obiektowe/laborki/Lab 1/Lab1,19,18,18,1.0000,0.9474,19,18
Paczki Infa/4 SEM/(MN) Metody Numeryczne/Stara Paczka/Projekt/Projekty (2018)/Projekt 1/Przykład 2/Program,Paczki Infa/4 SEM/Stare Paczki/Paczka IV sem/Metody Numeryczne/Projekt/Projekty (2018)/Projekt 1/Przykład 2/Program,18,30,18,1.0000,0.6000,18,30
Paczki Infa/4 SEM/(MN) Metody Numeryczne/Stara Paczka/Projekt/Projekty (2018)/Projekt 3/Przykład 2/Application,Paczki Infa/4 SEM/Stare Paczki/Paczka IV sem/Metody Numeryczne/Projekt/Projekty (2018)/Projekt 3/Przykład 2/Application,18,37,18,1.0000,0.4865,18,37
Paczki Infa/4 SEM/(SI) Sztuczna Inteligencja/Stara Paczka/Lab/Labki (Jeszcze Starsze)/lab1,Paczki Infa/4 SEM/(SI) Sztuczna Inteligencja/Stara Paczka/Lab/Labki (Jeszcze Starsze)/labki 2014/lab1/lab1,18,18,18,1.0000,1.0000,19,21
Paczka I sem. 22_23/Szkolenia/Biblioteczny,Paczka I sem./Szkolenia/Biblioteczny,47,17,17,1.0000,0.3617,47,17
Paczka II sem. 21_22/Układy Cyfrowe/gotowce/MEGAPAKA/06. Liczniki scalone/lab 6/EW/EW/EXT,Paczki INFA/Paczka 2 sem. 23_24/Podstawy Elektroniki i Metrologii/Układy Cyfrowe/gotowce/MEGAPAKA/06. Liczniki scalone/lab 6/EW/EW/EXT,26,17,17,1.0000,0.6538,26,17
Paczki INFA/Paczka 2 sem. 23_24/Podstawy Elektroniki i Metrologii/2024peim,SEM2/PEiM_Podstawy_Elektroniki_i_Metrologii/laboratoria,24,17,17,1.0000,0.7083,24,17
Paczki INFA/Paczka 3 sem. 23_24/(AKO) Architektura komputerów/stara_paka/Stara paczka,Paczki Infa/3 SEM/(AKO) Architektura Komputerów/Stara paczka/AKO - grupa/Wykłady,1413,17,17,1.0000,0.0120,1629,17
Paczki INFA/Paczka 3 sem. 23_24/(AKO) Architektura komputerów/stara_paka/Stara paczka/Laby/Gotowiec 3 (2018),Paczki Infa/3 SEM/Stare Paczki/Paczka III sem. 21_22/Architektura Komputerów/Laby/Gotowiec 3 (2018),17,55,17,1.0000,0.3091,17,55
Paczki Infa/4 SEM/(SI) Sztuczna Inteligencja/Stara Paczka/Lab/2020/Olewniczak,Paczki Infa/4 SEM/Stare Paczki/Paczka IV sem/Sztuczna Inteligencja/Lab/2020/Olewniczak,17,19,17,1.0000,0.8947,20,22
Paczki Infa/4 SEM/(SI) Sztuczna Inteligencja/Stara Paczka/Lab/Labki (Jeszcze Starsze)/labki 2014/lab2,Paczki Infa/4 SEM/Stare Paczki/Paczka IV sem/Sztuczna Inteligencja/Lab/Labki (Jeszcze Starsze)/labki 2014/lab2,17,18,17,1.0000,0.9444,22,23
Paczka II sem. 21_22/Algorytmy i Struktury Danych/egzaminy,Paczki INFA/Paczka 2 sem. 23_24/Algorytmy i Struktury Danych/egzaminy,16,25,16,1.0000,0.6400,16,25
Paczka II sem. 21_22/Programowanie Obiektowe/przykladowe projekty/PrOb_proj3/venv/Scripts,Paczki INFA/Paczka 2 sem. 23_24/Podstawy Elektroniki i Metrologii/Programowanie Obiektowe/przykladowe projekty/PrOb_proj3/venv/Scripts,24,16,16,1.0000,0.6667,25,16
Paczka II sem. 21_22/Układy Cyfrowe/gotowce/MEGAPAKA/06. Liczniki scalone/lab 6/EW/EW/EXT,Paczki INFA/Paczka 2 sem. 23_24/Układy Cyfrowe/gotowce/MEGAPAKA/06. Liczniki scalone/lab 6/EW/EW/EXT,26,16,16,1.0000,0.6154,26,16
Paczki INFA/Paczka 2 sem. 23_24/Podstawy Elektroniki i Metrologii/Układy Cyfrowe/gotowce/MEGAPAKA/06. Liczniki scalone/lab 6/EW/EW/EXT,Paczki INFA/Paczka 2 sem. 23_24/Układy Cyfrowe/gotowce/MEGAPAKA/06. Liczniki scalone/lab 6/EW/EW/EXT,17,16,16,1.0000,0.9412,17,16
Paczki INFA/Paczka 3 sem. 23_24/(AKO) Architektura komputerów/stara_paka/Stara paczka/AKO - grupa/Wykłady,Paczki Infa/3 SEM/(AKO) Architektura Komputerów/Stara paczka/AKO - grupa/Wykłady,16,17,16,1.0000,0.9412,16,17
Paczki INFA/Paczka 3 sem. 23_24/(JPR) Języki programowania/Projekty/3-Haskell,Paczki Infa/3 SEM/(JP) Języki Programowania/Projekty/3-Haskell,21,16,16,1.0000,0.7619,21,16
Paczki INFA/Paczka 3 sem. 23_24/(PAA) Podstawy Analizy Algorytmów/Wykłady/Egzamin,Paczki Infa/3 SEM/(PAA) Podstawy Analizy Algorytmów,16,151,16,1.0000,0.1060,16,159
Paczki Infa/3 SEM/Stare Paczki/PAAczka/memes,Paczki Infa/3 SEM/Stare Paczki/Paczka III sem. 21_22/Podstawy Analizy Algorytmów/PAAczka/memes,16,16,16,1.0000,1.0000,16,16
Paczki Infa/3 SEM/Stare Paczki/Paczka III sem. 21_22/Architektura Komputerów/Laby/2019/lab_2/lab_2.2,Paczki Infa/3 SEM/Stare Paczki/Semestr 3 paczka/Architektura Komputerów/Laby/2019/lab_2/lab_2.2,16,16,16,1.0000,1.0000,16,16
Paczki Infa/3 SEM/Stare Paczki/Paczka III sem. 21_22/Architektura Komputerów/Laby/2019/lab_2/lab_2.5,Paczki Infa/3 SEM/Stare Paczki/Semestr 3 paczka/Architektura Komputerów/Laby/2019/lab_2/lab_2.5,16,16,16,1.0000,1.0000,16,16
Paczki Infa/3 SEM/Stare Paczki/Paczka III sem. 21_22/Architektura Komputerów/Laby/2019/lab_2/lab_2.6,Paczki Infa/3 SEM/Stare Paczki/Semestr 3 paczka/Architektura Komputerów/Laby/2019/lab_2/lab_2.6,16,16,16,1.0000,1.0000,16,16
Paczki Infa/3 SEM/Stare Paczki/Paczka III sem. 21_22/Architektura Komputerów/Laby/2019/lab_2/lab_2.7,Paczki Infa/3 SEM/Stare Paczki/Semestr 3 paczka/Architektura Komputerów/Laby/2019/lab_2/lab_2.7,16,16,16,1.0000,1.0000,16,16
Paczki Infa/3 SEM/Stare Paczki/Paczka III sem. 21_22/Architektura Komputerów/Laby/2019/lab_2/lab_nowa,Paczki Infa/3 SEM/Stare Paczki/Semestr 3 paczka/Architektura Komputerów/Laby/2019/lab_2/lab_nowa,16,16,16,1.0000,1.0000,16,16
Paczki Infa/4 SEM/(MN) Metody Numeryczne/Stara Paczka/Lab/Labki (2019)/Lab 7,Paczki Infa/4 SEM/Stare Paczki/Paczka IV sem/Metody Numeryczne/Lab/Labki (2019)/Lab 7,16,17,16,1.0000,0.9412,16,17
Paczki Infa/4 SEM/(MN) Metody Numeryczne/Stara Paczka/Projekt/Projekty (stare)/Projekt 1/Przykład 2 (2017)/MetodyNumeryczne1,Paczki Infa/4 SEM/Stare Paczki/Paczka IV sem/Metody Numeryczne/Projekt/Projekty (stare)/Projekt 1/Przykład 2 (2017)/MetodyNumeryczne1,16,34,16,1.0000,0.4706,18,36
Paczka I sem. 22_23/Algebra Liniowa/Egzaminy,Paczki INFA/Paczka 1 sem. 23_24/(AL) Algebra Liniowa/Kolokwia,15,39,15,1.0000,0.3846,15,39
Paczka II sem. 21_22/Programowanie Obiektowe/laborki/Lab 2/Laborki Lekcja 1,Paczki INFA/Paczka 2 sem. 23_24/Podstawy Elektroniki i Metrologii/Programowanie Obiektowe/laborki/Lab 2/Laborki Lekcja 1,16,15,15,1.0000,0.9375,16,15
Paczka II sem. 21_22/Układy Cyfrowe/gotowce/MEGAPAKA/02. Badanie bramek logicznych,Paczka II sem. 21_22/Układy Cyfrowe/gotowce/MEGAPAKA/2_BRAMKI_LOGICZNE,21,15,15,1.0000,0.7143,21,15
Paczka II sem. 21_22/Układy Cyfrowe/gotowce/MEGAPAKA/2_BRAMKI_LOGICZNE,Paczka II sem. 21_22/Układy Cyfrowe/gotowce/MEGAPAKA/LAB NR 2/2_bramki_logiczne/2_BRAMKI_LOGICZNE,15,19,15,1.0000,0.7895,15,19
Paczki Infa/4 SEM/(WdCB) Wprowadzenie do Cyberbezpieczeństwa/Stara paczka,Paczki Infa/4 SEM/Stare Paczki/Paczka IV sem/Wprowadzenie do Cyberbezpieczeństwa,15,19,15,1.0000,0.7895,15,19
Paczka II sem. 21_22/Matematyka Dyskretna/egzaminy,Paczki INFA/Paczka 2 sem. 23_24/Algorytmy i Struktury Danych/Matematyka Dyskretna/egzaminy,56,14,14,1.0000,0.2500,56,14
Paczka II sem. 21_22/Programowanie Obiektowe/przykladowe projekty/PrOb_proj3/venv/Lib/site-packages/pip-9.0.3-py3.6.egg/pip/_vendor/requests,Paczki INFA/Paczka 2 sem. 23_24/Podstawy Elektroniki i Metrologii/Programowanie Obiektowe/przykladowe projekty/PrOb_proj3/venv/Lib/site-packages/pip-9.0.3-py3.6.egg/pip/_vendor/requests,19,14,14,1.0000,0.7368,19,14
Paczka II sem. 21_22/Układy Cyfrowe/gotowce/2,Paczki INFA/Paczka 2 sem. 23_24/Układy Cyfrowe/gotowce/2,15,14,14,1.0000,0.9333,15,14
Paczki INFA/Paczka 3 sem. 23_24/(AKO) Architektura komputerów/stara_paka/Stara paczka/AKO - grupa/Egzamin,Paczki Infa/3 SEM/Stare Paczki/Paczka III sem. 21_22/Architektura Komputerów/AKO - grupa/Egzamin,14,14,14,1.0000,1.0000,14,14
Paczki INFA/Paczka 3 sem. 23_24/(AKO) Architektura komputerów/stara_paka/Stara paczka/Nagrania 2018,Paczki Infa/3 SEM/Stare Paczki/Semestr 3 paczka/Architektura Komputerów/Nagrania 2018,14,15,14,1.0000,0.9333,14,15
Paczki INFA/Paczka 3 sem. 23_24/(BD) Bazy Danych/Wykłady/Opracowania,Paczki Infa/3 SEM,14,4091,14,1.0000,0.0034,14,11083
Paczka II sem. 21_22/Algorytmy i Struktury Danych/wykłady Manusa,Paczki INFA/Paczka 2 sem. 23_24/Algorytmy i Struktury Danych/wykłady Manusa,25,13,13,1.0000,0.5200,26,13
Paczka II sem. 21_22/Programowanie Obiektowe/laborki/Lab 2/Laborki Lekcja 1,Paczki INFA/Paczka 2 sem. 23_24/Programowanie Obiektowe/laborki/Lab 2/Laborki Lekcja 1,16,13,13,1.0000,0.8125,16,13
Paczka II sem. 21_22/Układy Cyfrowe/2020/UC/inne laby,Paczki INFA/Paczka 2 sem. 23_24/Układy Cyfrowe/2020/UC/inne laby,26,13,13,1.0000,0.5000,26,13
Paczka II sem. 21_22/Układy Cyfrowe/gotowce/UC laborki,Paczki INFA/Paczka 2 sem. 23_24/Podstawy Elektroniki i Metrologii/Układy Cyfrowe/gotowce/UC laborki,14,13,13,1.0000,0.9286,14,13
Paczki INFA/Paczka 2 sem. 23_24/Podstawy Elektroniki i Metrologii/Programowanie Obiektowe/laborki/Lab 2/Laborki Lekcja 1,Paczki INFA/Paczka 2 sem. 23_24/Programowanie Obiektowe/laborki/Lab 2/Laborki Lekcja 1,15,13,13,1.0000,0.8667,15,13
Paczki INFA/Paczka 3 sem. 23_24/(BD) Bazy Danych/Wykłady/Opracowania,Paczki Infa/3 SEM/(BD) Bazy Danych/Wykłady/Opracowania,14,13,13,1.0000,0.9286,14,13
Paczki INFA/Paczka 3 sem. 23_24/(MII) Multimedia i Interfejsy/Laby,Paczki Infa/3 SEM/(MII) Multimedia i Interfejsy/Laby,40,13,13,1.0000,0.3250,40,13
Paczka II sem. 21_22/Programowanie Obiektowe/Programowanie/Symfonia C++ - programy/Symfonia C++,Paczki INFA/Paczka 2 sem. 23_24/Podstawy Elektroniki i Metrologii/Programowanie Obiektowe/Programowanie/Symfonia C++ - programy/Symfonia C++,13,12,12,1.0000,0.9231,13,12
Paczka II sem. 21_22/Układy Cyfrowe/gotowce/MEGAPAKA/06. Liczniki scalone/lab 6/EW/EW/MODELS/DIODE,Paczka II sem. 21_22/Układy Cyfrowe/gotowce/MEGAPAKA/lab 6/EW/EW/MODELS/DIODE,13,12,12,1.0000,0.9231,13,12
Paczka II sem. 21_22/Układy Cyfrowe/gotowce/UC laborki,Paczki INFA/Paczka 2 sem. 23_24/Układy Cyfrowe/gotowce/UC laborki,14,12,12,1.0000,0.8571,14,12
Paczki INFA/Paczka 2 sem. 23_24/Podstawy Elektroniki i Metrologii/2024peim,SEM2/PEiM_Podstawy_Elektroniki_i_Metrologii/laboratoria/metrologia,24,12,12,1.0000,0.5000,24,12
Paczki INFA/Paczka 2 sem. 23_24/Podstawy Elektroniki i Metrologii/Układy Cyfrowe/gotowce/UC laborki,Paczki INFA/Paczka 2 sem. 23_24/Układy Cyfrowe/gotowce/UC laborki,13,12,12,1.0000,0.9231,13,12
Paczki INFA/Paczka 3 sem. 23_24/(BD) Bazy Danych/Wykłady/Slajdy,Paczki Infa/3 SEM/Stare Paczki/Paczka III sem. 21_22/Bazy Danych/Wykład,12,25,12,1.0000,0.4800,13,26
Paczki INFA/Paczka 3 sem. 23_24/(BD) Bazy Danych/Wykłady/Slajdy,Paczki Infa/3 SEM/Stare Paczki/Semestr 3 paczka/Bazy Danych/Wykład,12,24,12,1.0000,0.5000,13,25
Paczki INFA/Paczka 3 sem. 23_24/(JPR) Języki programowania/Projekty/ADA,Paczki INFA/Paczka 3 sem. 23_24/(JPR) Języki programowania/Stara paczka/Projekt/ADA,12,13,12,1.0000,0.9231,13,14
Paczki Infa/3 SEM/Stare Paczki/Paczka III sem. 21_22/Architektura Komputerów/Laby/2019/lab_2/lab_2.1/lab_2,Paczki Infa/3 SEM/Stare Paczki/Semestr 3 paczka/Architektura Komputerów/Laby/2019/lab_2/lab_2.1/lab_2,12,12,12,1.0000,1.0000,12,12
Paczki Infa/3 SEM/Stare Paczki/Paczka III sem. 21_22/Architektura Komputerów/Laby/2019/lab_2/lab_2.2/lab_2.2,Paczki Infa/3 SEM/Stare Paczki/Semestr 3 paczka/Architektura Komputerów/Laby/2019/lab_2/lab_2.2/lab_2.2,12,12,12,1.0000,1.0000,12,12
Paczki Infa/3 SEM/Stare Paczki/Paczka III sem. 21_22/Architektura Komputerów/Laby/2019/lab_2/lab_2.5/lab_2.5,Paczki Infa/3 SEM/Stare Paczki/Semestr 3 paczka/Architektura Komputerów/Laby/2019/lab_2/lab_2.5/lab_2.5,12,12,12,1.0000,1.0000,12,12
Paczki Infa/3 SEM/Stare Paczki/Paczka III sem. 21_22/Architektura Komputerów/Laby/2019/lab_2/lab_2.6/lab_2.6,Paczki Infa/3 SEM/Stare Paczki/Semestr 3 paczka/Architektura Komputerów/Laby/2019/lab_2/lab_2.6/lab_2.6,12,12,12,1.0000,1.0000,12,12
Paczki Infa/3 SEM/Stare Paczki/Paczka III sem. 21_22/Architektura Komputerów/Laby/2019/lab_2/lab_2.7/lab_2.7,Paczki Infa/3 SEM/Stare Paczki/Semestr 3 paczka/Architektura Komputerów/Laby/2019/lab_2/lab_2.7/lab_2.7,12,12,12,1.0000,1.0000,12,12
Paczki Infa/3 SEM/Stare Paczki/Paczka III sem. 21_22/Architektura Komputerów/Laby/2019/lab_2/lab_nowa/lab_nowa,Paczki Infa/3 SEM/Stare Paczki/Semestr 3 paczka/Architektura Komputerów/Laby/2019/lab_2/lab_nowa/lab_nowa,12,12,12,1.0000,1.0000,12,12
Paczki Infa/4 SEM/(MN) Metody Numeryczne/Stara Paczka/Projekt/Projekty (stare)/Projekt 2/Przykład 3 (2016),Paczki Infa/4 SEM/Stare Paczki/Paczka IV sem/Metody Numeryczne/Projekt/Projekty (stare)/Projekt 2/Przykład 3 (2016),12,26,12,1.0000,0.4615,12,26
Paczki Infa/4 SEM/(PT) Platformy Technologiczne/Stara Paczka,Paczki Infa/4 SEM/(PT) Platformy Technologiczne/Wykłady/Slajdy/Slajdy-(przed-2024)/Java,362,12,12,1.0000,0.0331,388,12
Paczka II sem. 21_22/Podstawy Fizyki/2020,Paczki INFA/Paczka 2 sem. 23_24/Podstawy Fizyki/2020,12,11,11,1.0000,0.9167,12,11
Paczka II sem. 21_22/Podstawy Fizyki/egzamin,Paczki INFA/Paczka 2 sem. 23_24/Podstawy Elektroniki i Metrologii/Podstawy Fizyki/egzamin,13,11,11,1.0000,0.8462,13,11
Paczka II sem. 21_22/Podstawy Fizyki/ćwiczenia/kolosy,Paczki INFA/Paczka 2 sem. 23_24/Podstawy Elektroniki i Metrologii/Podstawy Fizyki/ćwiczenia/kolosy,11,14,11,1.0000,0.7857,11,14
Paczka II sem. 21_22/Układy Cyfrowe/gotowce/MEGAPAKA/05. Układy synchroniczne,Paczka II sem. 21_22/Układy Cyfrowe/gotowce/MEGAPAKA/5_SYNCHRONICZNE,11,17,11,1.0000,0.6471,11,17
Paczki INFA/Paczka 2 sem. 23_24/Algorytmy i Struktury Danych/Lab/Laby Jurkiewicz,Paczki Infa/2 SEM/(AiSD) Algorytmy i Struktury Danych/Laby/Jurkiewicz 2023,12,11,11,1.0000,0.9167,12,11
Paczki INFA/Paczka 3 sem. 23_24/(MII) Multimedia i Interfejsy/Stara Paczka/Laby/lab3,Paczki Infa/3 SEM/Stare Paczki/Semestr 3 paczka/Multimedia i Interfejsy/Laby/lab3,11,12,11,1.0000,0.9167,11,12
Paczki Infa/3 SEM/(PAA) Podstawy Analizy Algorytmów/Opracowania/Notatki,Paczki Infa/3 SEM/Stare Paczki,11,3712,11,1.0000,0.0030,11,7816
Paczki Infa/4 SEM/(MN) Metody Numeryczne/Stara Paczka/Lab/2020/Lab 7,Paczki Infa/4 SEM/Stare Paczki/Paczka IV sem/Metody Numeryczne/Lab/2020/Lab 7,11,13,11,1.0000,0.8462,11,13
Paczki Infa/4 SEM/(MN) Metody Numeryczne/Stara Paczka/Projekt/Projekty (stare)/Projekt 2/Przykład 3 (2016)/Projekt2-Rownania,Paczki Infa/4 SEM/Stare Paczki/Paczka IV sem/Metody Numeryczne/Projekt/Projekty (stare)/Projekt 2/Przykład 3 (2016)/Projekt2-Rownania,11,25,11,1.0000,0.4400,11,25
Paczki Infa/4 SEM/(PT) Platformy Technologiczne/Stara Paczka/Wykład/Java,Paczki Infa/4 SEM/(PT) Platformy Technologiczne/Wykłady/Slajdy/Slajdy-(przed-2024)/Java,11,12,11,1.0000,0.9167,11,12
I semestr 2024_2025/Obowiązkowe kursy/Kurs z platformy eStudent,Paczka I sem. 22_23/Szkolenia/Platforma eStudent,16,10,10,1.0000,0.6250,16,10
II semestr 2024_2025/Essentials of Management/Seminars/2022Kutrzeba/1,II semestr 2024_2025/Essentials of Management/Seminars/2022Kutrzeba/3,10,16,10,1.0000,0.6250,10,16
Paczka I sem. 22_23/Algebra Liniowa/Egzaminy,Paczka I sem./Algebra Liniowa/Egzaminy,15,10,10,1.0000,0.6667,15,10
Paczka I sem. 22_23/Algebra Liniowa/Egzaminy,Paczki INFA/Paczka 1 sem. 23_24/(AL) Algebra Liniowa/Egzaminy,15,10,10,1.0000,0.6667,15,10
Paczka I sem./Algebra Liniowa/Egzaminy,Paczki INFA/Paczka 1 sem. 23_24/(AL) Algebra Liniowa/Egzaminy,10,10,10,1.0000,1.0000,10,10
Paczka I sem./Algebra Liniowa/Egzaminy,Paczki INFA/Paczka 1 sem. 23_24/(AL) Algebra Liniowa/Kolokwia,10,39,10,1.0000,0.2564,10,39
Paczka II sem. 21_22/Programowanie Obiektowe/Programowanie/Symfonia C++ - programy/Symfonia C++,Paczki INFA/Paczka 2 sem. 23_24/Programowanie Obiektowe/Programowanie/Symfonia C++ - programy/Symfonia C++,13,10,10,1.0000,0.7692,13,10
Paczka II sem. 21_22/Układy Cyfrowe/gotowce/MEGAPAKA/06. Liczniki scalone/lab 6/EW/EW/EXT,Paczka II sem. 21_22/Układy Cyfrowe/gotowce/MEGAPAKA/lab 6/EW/EW/EXT,26,10,10,1.0000,0.3846,26,10
Paczka II sem. 21_22/Układy Cyfrowe/gotowce/MEGAPAKA/lab7,Paczki INFA/Paczka 2 sem. 23_24/Układy Cyfrowe/gotowce/MEGAPAKA/lab7,16,10,10,1.0000,0.6250,16,10
Paczki INFA/Paczka 1 sem. 23_24/(AL) Algebra Liniowa/Egzaminy,Paczki INFA/Paczka 1 sem. 23_24/(AL) Algebra Liniowa/Kolokwia,10,39,10,1.0000,0.2564,10,39
Paczki INFA/Paczka 2 sem. 23_24/Jezyk Angielski,Paczki INFA/Paczka 2 sem. 23_24/Podstawy Elektroniki i Metrologii/Jezyk Angielski,10,73,10,1.0000,0.1370,11,74
Paczki INFA/Paczka 2 sem. 23_24/Podstawy Elektroniki i Metrologii/Elektronika,SEM2/PEiM_Podstawy_Elektroniki_i_Metrologii/egzamin,60,10,10,1.0000,0.1667,60,10
Paczki INFA/Paczka 2 sem. 23_24/Podstawy Elektroniki i Metrologii/Podstawy Elektroniki i Metrologii/Elektronika,SEM2/PEiM_Podstawy_Elektroniki_i_Metrologii/egzamin,63,10,10,1.0000,0.1587,63,10
Paczki INFA/Paczka 2 sem. 23_24/Podstawy Elektroniki i Metrologii/Programowanie Obiektowe/Programowanie/Symfonia C++ - programy/Symfonia C++,Paczki INFA/Paczka 2 sem. 23_24/Programowanie Obiektowe/Programowanie/Symfonia C++ - programy/Symfonia C++,12,10,10,1.0000,0.8333,12,10
Paczki INFA/Paczka 3 sem. 23_24/(BD) Bazy Danych/Projekty/Projekt 6,Paczki Infa/3 SEM/Stare Paczki/Paczka III sem. 21_22/Bazy Danych/Projekt/Projekt 6,10,10,10,1.0000,1.0000,10,15
Paczki INFA/Paczka 3 sem. 23_24/(JPR) Języki programowania/Projekty/2-Smalltalk,Paczki Infa/3 SEM/(JP) Języki Programowania/Projekty/2-Smalltalk,13,10,10,1.0000,0.7692,13,10
Paczki Infa/2 SEM,SEM2/PEiM_Podstawy_Elektroniki_i_Metrologii/egzamin,3638,10,10,1.0000,0.0027,4126,10
Paczki Infa/3 SEM/(PAA) Podstawy Analizy Algorytmów/Egzamin/Stare/egzamin,Paczki Infa/3 SEM/Stare Paczki/Paczka III sem. 21_22/Podstawy Analizy Algorytmów/Kolokwia/Czyste Zadania/egzamin,10,11,10,1.0000,0.9091,11,12
Paczki Infa/4 SEM/(MN) Metody Numeryczne/Stara Paczka/Projekt/Projekty (stare)/Projekt 2/Przykład 3 (2016)/Projekt2-Rownania/Projekt2-Rownania,Paczki Infa/4 SEM/Stare Paczki/Paczka IV sem/Metody Numeryczne/Projekt/Projekty (stare)/Projekt 2/Przykład 3 (2016)/Projekt2-Rownania/Projekt2-Rownania,10,22,10,1.0000,0.4545,10,22
Paczki Infa/4 SEM/(MN) Metody Numeryczne/Stara Paczka/Projekt/Projekty (stare)/Projekt 3/Przykład 4 (2016),Paczki Infa/4 SEM/Stare Paczki/Paczka IV sem/Metody Numeryczne/Projekt/Projekty (stare)/Projekt 3/Przykład 4 (2016),10,14,10,1.0000,0.7143,11,15
Paczki Infa/4 SEM/(SK) Sieci Komputerowe/Stara Paczka/Pytania,Paczki Infa/4 SEM/Stare Paczki/Paczka IV sem/Sieci Komputerowe/Pytania,11,10,10,1.0000,0.9091,11,10
III semestr 2024_2025/Databases/Exams,Paczki INFA/Paczka 3 sem. 23_24/(BD) Bazy Danych/Wykłady/Egzamin/BD-2019-InzynieriaDanych,49,9,9,1.0000,0.1837,49,9
III semestr 2024_2025/Databases/Exams/infa,Paczki INFA/Paczka 3 sem. 23_24/(BD) Bazy Danych/Wykłady/Egzamin/Praktyka,23,9,9,1.0000,0.3913,23,9
Paczka I sem. 22_23/Wytwarzanie Aplikacji Internetowych/Egzaminy,Paczki INFA/Paczka 1 sem. 23_24/(WAI) Wytwarzania Aplikacji Internetowych/Egzamin/2015,110,9,9,1.0000,0.0818,123,9
Paczka I sem./Wytwarzanie Aplikacji Internetowych/Egzaminy,Paczki INFA/Paczka 1 sem. 23_24/(WAI) Wytwarzania Aplikacji Internetowych/Egzamin/2015,17,9,9,1.0000,0.5294,17,9
Paczka II sem. 21_22/Algorytmy i Struktury Danych/Lab/Tytus 2019,SEM2/AiSD_Algorytmy_i_Struktury_Danych/laboratoria/pikies,9,9,9,1.0000,1.0000,9,9
Paczka II sem. 21_22/Podstawy Fizyki/2020/Ćwiczenia/zadania,Paczki INFA/Paczka 2 sem. 23_24/Podstawy Fizyki/2020/Ćwiczenia/zadania,10,9,9,1.0000,0.9000,10,9
Paczka II sem. 21_22/Programowanie Obiektowe/laborki/Lab 2/Zadanie 4,Paczki INFA/Paczka 2 sem. 23_24/Podstawy Elektroniki i Metrologii/Programowanie Obiektowe/laborki/Lab 2/Zadanie 4,10,9,9,1.0000,0.9000,10,9
Paczka II sem. 21_22/Układy Cyfrowe/gotowce/8,Paczki INFA/Paczka 2 sem. 23_24/Układy Cyfrowe/gotowce/8,10,9,9,1.0000,0.9000,10,9
Paczka II sem. 21_22/Układy Cyfrowe/gotowce/MEGAPAKA/02. Badanie bramek logicznych/LAB2,Paczka II sem. 21_22/Układy Cyfrowe/gotowce/MEGAPAKA/2_BRAMKI_LOGICZNE/LAB2,12,9,9,1.0000,0.7500,12,9
Paczka II sem. 21_22/Układy Cyfrowe/gotowce/MEGAPAKA/05. Układy synchroniczne/Lab5,Paczka II sem. 21_22/Układy Cyfrowe/gotowce/MEGAPAKA/5_SYNCHRONICZNE/LAB5,9,12,9,1.0000,0.7500,9,12
Paczki INFA/Paczka 2 sem. 23_24/Podstawy Elektroniki i Metrologii/Układy Cyfrowe/Kolosy,Paczki Infa/2 SEM,9,3638,9,1.0000,0.0025,9,4126
Paczki INFA/Paczka 3 sem. 23_24/(AKO) Architektura komputerów/stara_paka/Stara paczka/Ćwiczenia/2018/kolokwium2/AKO 23 zadania/Zadanie 16/Debug,Paczki Infa/3 SEM/Stare Paczki/Paczka III sem. 21_22/Architektura Komputerów/Ćwiczenia/2018/kolokwium2/AKO 23 zadania/Zadanie 16/Debug,9,18,9,1.0000,0.5000,9,18
Paczki INFA/Paczka 3 sem. 23_24/(BD) Bazy Danych/Wykłady/Egzamin/Praktyka,Paczki Infa/3 SEM/Stare Paczki/Paczka III sem. 21_22/Bazy Danych/Egzamin,9,34,9,1.0000,0.2647,9,34
Paczki INFA/Paczka 3 sem. 23_24/(JPR) Języki programowania/Projekty/ADA/obj,Paczki INFA/Paczka 3 sem. 23_24/(JPR) Języki programowania/Stara paczka/Projekt/ADA/obj,9,10,9,1.0000,0.9000,9,10
Paczki INFA/Paczka 3 sem. 23_24/(JPR) Języki programowania/Stara paczka/Kolokwia,Paczki Infa/3 SEM/Stare Paczki/Semestr 3 paczka/Języki Programowania/Kolokwia,57,9,9,1.0000,0.1579,57,9
Paczki Infa/3 SEM/(GK) Grafika Komputerowa/Kolokwium,Paczki Infa/3 SEM/Stare Paczki/Semestr 3 paczka/Grafika Komputerowa/Kolokwium,14,9,9,1.0000,0.6429,14,9
Paczki Infa/3 SEM/Stare Paczki/Paczka III sem. 21_22/Grafika Komputerowa/Kolokwium,Paczki Infa/3 SEM/Stare Paczki/Semestr 3 paczka/Grafika Komputerowa/Kolokwium,10,9,9,1.0000,0.9000,10,9
Paczki Infa/4 SEM/(MN) Metody Numeryczne/Stara Paczka/Projekt/Projekty (stare)/Projekt 3/Przykład 4 (2016)/Projekt3-Interpolacja,Paczki Infa/4 SEM/Stare Paczki/Paczka IV sem/Metody Numeryczne/Projekt/Projekty (stare)/Projekt 3/Przykład 4 (2016)/Projekt3-Interpolacja,9,13,9,1.0000,0.6923,10,14
II semestr 2024_2025/Numerical Methods/Lectures/Wykłady PL 2018,Paczki Infa/4 SEM/Stare Paczki/Paczka IV sem/Metody Numeryczne/Slajdy (2018),8,10,8,1.0000,0.8000,8,10
Paczka II sem. 21_22/Algorytmy i Struktury Danych/materiały,SEM2/AiSD_Algorytmy_i_Struktury_Danych,8,210,8,1.0000,0.0381,8,212
Paczka II sem. 21_22/Programowanie Obiektowe/laborki/Lab 2/Zadanie 4,Paczki INFA/Paczka 2 sem. 23_24/Programowanie Obiektowe/laborki/Lab 2/Zadanie 4,10,8,8,1.0000,0.8000,10,8
Paczka II sem. 21_22/Programowanie Obiektowe/przykladowe projekty/ProjektJAVA/out/production/ProjektJAVA/proj/java/saves,Paczka II sem. 21_22/Programowanie Obiektowe/przykladowe projekty/ProjektJAVA/src/proj/java/saves,9,8,8,1.0000,0.8889,9,8
Paczki INFA/Paczka 2 sem. 23_24/Jezyk Angielski/podreczniki,Paczki INFA/Paczka 2 sem. 23_24/Podstawy Elektroniki i Metrologii/Jezyk Angielski/podreczniki,8,71,8,1.0000,0.1127,8,71
Paczki INFA/Paczka 2 sem. 23_24/Podstawy Elektroniki i Metrologii/Podstawy Elektroniki i Metrologii,Paczki Infa/2 SEM/(PEiM) Podstawy Elektroniki i Metrologii,202,8,8,1.0000,0.0396,207,8
Paczki INFA/Paczka 2 sem. 23_24/Podstawy Elektroniki i Metrologii/Programowanie Obiektowe/laborki/Lab 2/Zadanie 4,Paczki INFA/Paczka 2 sem. 23_24/Programowanie Obiektowe/laborki/Lab 2/Zadanie 4,9,8,8,1.0000,0.8889,9,8
Paczki INFA/Paczka 3 sem. 23_24/(AKO) Architektura komputerów/stara_paka/Stara paczka/Ćwiczenia/2018/kolokwium2/AKO 23 zadania/Zadanie 17/Debug,Paczki Infa/3 SEM/Stare Paczki/Paczka III sem. 21_22/Architektura Komputerów/Ćwiczenia/2018/kolokwium2/AKO 23 zadania/Zadanie 17/Debug,8,17,8,1.0000,0.4706,8,17
Paczki INFA/Paczka 3 sem. 23_24/(FW) Fizyka współczesna/Kolokwium/stare,Paczki Infa/3 SEM/(FW) Fizyka Współczesna/Kolokwium/stare,9,8,8,1.0000,0.8889,9,8
Paczki Infa/3 SEM/Stare Paczki/Paczka III sem. 21_22/Architektura Komputerów/Laby/2019/lab_2/laboratorium/laboratorium/Debug,Paczki Infa/3 SEM/Stare Paczki/Semestr 3 paczka/Architektura Komputerów/Laby/2019/lab_2/laboratorium/laboratorium/Debug,8,8,8,1.0000,1.0000,10,10
Paczki Infa/4 SEM/(MN) Metody Numeryczne/Stara Paczka/Projekt/Projekty (stare)/Projekt 3/Przykład 4 (2016)/Projekt3-Interpolacja/Projekt3-Interpolacja,Paczki Infa/4 SEM/Stare Paczki/Paczka IV sem/Metody Numeryczne/Projekt/Projekty (stare)/Projekt 3/Przykład 4 (2016)/Projekt3-Interpolacja/Projekt3-Interpolacja,8,12,8,1.0000,0.6667,9,13
III semestr 2024_2025/Databases/Exams/infa,Paczki INFA/Paczka 3 sem. 23_24/(BD) Bazy Danych/Wykłady/Egzamin/Teoria,23,7,7,1.0000,0.3043,23,7
Paczka I sem. 22_23/Szkolenia/Normalizacja,Paczka I sem./Szkolenia/Normalizacja,38,7,7,1.0000,0.1842,38,7
Paczka II sem. 21_22/Podstawy Elektroniki i Metrologii/Elektronika/Laborki/1A,Paczki INFA/Paczka 2 sem. 23_24/Podstawy Elektroniki i Metrologii/Podstawy Elektroniki i Metrologii/Elektronika/Laborki/1A,13,7,7,1.0000,0.5385,13,7
Paczka II sem. 21_22/Podstawy Elektroniki i Metrologii/Metrologia/koło - opracowania pytań,Paczki INFA/Paczka 2 sem. 23_24/Podstawy Elektroniki i Metrologii/Metrologia/koło - opracowania pytań,8,7,7,1.0000,0.8750,8,7
Paczka II sem. 21_22/Układy Cyfrowe/gotowce/MEGAPAKA/04. Układy czasowe/Cudze/Lab4,Paczka II sem. 21_22/Układy Cyfrowe/gotowce/MEGAPAKA/4_UKLADY_CZASOWE/LAB4,7,15,7,1.0000,0.4667,7,15
Paczka II sem. 21_22/Układy Cyfrowe/gotowce/MEGAPAKA/lab 10,Paczki INFA/Paczka 2 sem. 23_24/Układy Cyfrowe/gotowce/MEGAPAKA/lab 10,8,7,7,1.0000,0.8750,8,7
Paczki INFA/Paczka 3 sem. 23_24/(AKO) Architektura komputerów/stara_paka/Stara paczka/Ćwiczenia/2018/kolokwium2/AKO 23 zadania/Zadanie 1/Debug,Paczki Infa/3 SEM/Stare Paczki/Paczka III sem. 21_22/Architektura Komputerów/Ćwiczenia/2018/kolokwium2/AKO 23 zadania/Zadanie 1/Debug,7,16,7,1.0000,0.4375,7,16
Paczki INFA/Paczka 3 sem. 23_24/(AKO) Architektura komputerów/stara_paka/Stara paczka/Ćwiczenia/2018/kolokwium2/AKO 23 zadania/Zadanie 15/Debug,Paczki Infa/3 SEM/Stare Paczki/Paczka III sem. 21_22/Architektura Komputerów/Ćwiczenia/2018/kolokwium2/AKO 23 zadania/Zadanie 15/Debug,7,16,7,1.0000,0.4375,7,16
Paczki INFA/Paczka 3 sem. 23_24/(AKO) Architektura komputerów/stara_paka/Stara paczka/Ćwiczenia/2018/kolokwium2/AKO 23 zadania/Zadanie 18/Debug,Paczki Infa/3 SEM/Stare Paczki/Paczka III sem. 21_22/Architektura Komputerów/Ćwiczenia/2018/kolokwium2/AKO 23 zadania/Zadanie 18/Debug,7,16,7,1.0000,0.4375,7,16
Paczki INFA/Paczka 3 sem. 23_24/(AKO) Architektura komputerów/stara_paka/Stara paczka/Ćwiczenia/2018/kolokwium2/AKO 23 zadania/Zadanie 19/Debug,Paczki Infa/3 SEM/Stare Paczki/Paczka III sem. 21_22/Architektura Komputerów/Ćwiczenia/2018/kolokwium2/AKO 23 zadania/Zadanie 19/Debug,7,16,7,1.0000,0.4375,7,16
Paczki INFA/Paczka 3 sem. 23_24/(AKO) Architektura komputerów/stara_paka/Stara paczka/Ćwiczenia/2018/kolokwium2/AKO 23 zadania/Zadanie 2/Debug,Paczki Infa/3 SEM/Stare Paczki/Paczka III sem. 21_22/Architektura Komputerów/Ćwiczenia/2018/kolokwium2/AKO 23 zadania/Zadanie 2/Debug,7,16,7,1.0000,0.4375,7,16
Paczki INFA/Paczka 3 sem. 23_24/(AKO) Architektura komputerów/stara_paka/Stara paczka/Ćwiczenia/2018/kolokwium2/AKO 23 zadania/Zadanie 21/Debug,Paczki Infa/3 SEM/Stare Paczki/Paczka III sem. 21_22/Architektura Komputerów/Ćwiczenia/2018/kolokwium2/AKO 23 zadania/Zadanie 21/Debug,7,16,7,1.0000,0.4375,7,16
Paczki INFA/Paczka 3 sem. 23_24/(AKO) Architektura komputerów/stara_paka/Stara paczka/Ćwiczenia/2018/kolokwium2/AKO 23 zadania/Zadanie 22/Debug,Paczki Infa/3 SEM/Stare Paczki/Paczka III sem. 21_22/Architektura Komputerów/Ćwiczenia/2018/kolokwium2/AKO 23 zadania/Zadanie 22/Debug,7,16,7,1.0000,0.4375,7,16
Paczki INFA/Paczka 3 sem. 23_24/(AKO) Architektura komputerów/stara_paka/Stara paczka/Ćwiczenia/2018/kolokwium2/AKO 23 zadania/Zadanie 23/Debug,Paczki Infa/3 SEM/Stare Paczki/Paczka III sem. 21_22/Architektura Komputerów/Ćwiczenia/2018/kolokwium2/AKO 23 zadania/Zadanie 23/Debug,7,16,7,1.0000,0.4375,7,16
Paczki INFA/Paczka 3 sem. 23_24/(AKO) Architektura komputerów/stara_paka/Stara paczka/Ćwiczenia/2018/kolokwium2/AKO 23 zadania/Zadanie 3/Debug,Paczki Infa/3 SEM/Stare Paczki/Paczka III sem. 21_22/Architektura Komputerów/Ćwiczenia/2018/kolokwium2/AKO 23 zadania/Zadanie 3/Debug,7,16,7,1.0000,0.4375,7,16
Paczki INFA/Paczka 3 sem. 23_24/(AKO) Architektura komputerów/stara_paka/Stara paczka/Ćwiczenia/2018/kolokwium2/AKO 23 zadania/Zadanie 5/Debug,Paczki Infa/3 SEM/Stare Paczki/Paczka III sem. 21_22/Architektura Komputerów/Ćwiczenia/2018/kolokwium2/AKO 23 zadania/Zadanie 5/Debug,7,16,7,1.0000,0.4375,7,16
Paczki INFA/Paczka 3 sem. 23_24/(AKO) Architektura komputerów/stara_paka/Stara paczka/Ćwiczenia/2018/kolokwium2/AKO 23 zadania/Zadanie 6/Debug,Paczki Infa/3 SEM/Stare Paczki/Paczka III sem. 21_22/Architektura Komputerów/Ćwiczenia/2018/kolokwium2/AKO 23 zadania/Zadanie 6/Debug,7,16,7,1.0000,0.4375,7,16
Paczki INFA/Paczka 3 sem. 23_24/(BD) Bazy Danych/Wykłady/Egzamin/Teoria,Paczki Infa/3 SEM/Stare Paczki/Paczka III sem. 21_22/Bazy Danych/Egzamin,7,34,7,1.0000,0.2059,7,34
Paczki INFA/Paczka 3 sem. 23_24/(JPR) Języki programowania/Stara paczka/Projekt/Zestaw 5 (2019),Paczki Infa/3 SEM/Stare Paczki/Semestr 3 paczka/Języki Programowania/Projekt/Zestaw 5 (2019),7,7,7,1.0000,1.0000,8,8
INF SEM 2/PEiM/Egzaminy,Paczka II sem. 21_22/Podstawy Elektroniki i Metrologii,6,226,6,1.0000,0.0265,6,232
INF SEM 2/PEiM/Egzaminy,Paczki INFA/Paczka 2 sem. 23_24/Podstawy Elektroniki i Metrologii/Podstawy Elektroniki i Metrologii,6,202,6,1.0000,0.0297,6,207
Paczka I sem. 22_23/Hipertekst i Hipermedia/Laboratorium,Paczka I sem./Hipertekst i Hipermedia/Laboratorium,28,6,6,1.0000,0.2143,29,6
Paczka II sem. 21_22/Algorytmy i Struktury Danych/Lab/Goluch 2018,SEM2/AiSD_Algorytmy_i_Struktury_Danych/laboratoria/goluch,6,6,6,1.0000,1.0000,6,6
Paczka II sem. 21_22/Matematyka Dyskretna/2020/książka,Paczka II sem. 21_22/Matematyka Dyskretna/wykłady,6,8,6,1.0000,0.7500,6,8
Paczka II sem. 21_22/Podstawy Elektroniki i Metrologii/Elektronika/Laborki/1A,Paczki INFA/Paczka 2 sem. 23_24/Podstawy Elektroniki i Metrologii/Elektronika/Laborki/1A,13,6,6,1.0000,0.4615,13,6
Paczka II sem. 21_22/Programowanie Obiektowe/Programowanie/2020/PO,Paczki INFA/Paczka 2 sem. 23_24/Programowanie Obiektowe/Programowanie/2020/PO,9,6,6,1.0000,0.6667,9,6
Paczka II sem. 21_22/Systemy Operacyjne/2020/SO/Laby/małe skrypty,Paczki INFA/Paczka 2 sem. 23_24/Systemy Operacyjne/2020/SO/Laby/małe skrypty,7,6,6,1.0000,0.8571,7,6
Paczka II sem. 21_22/Układy Cyfrowe/gotowce/MEGAPAKA/06. Liczniki scalone/lab 6/EW/EW/EXT,Paczki INFA/Paczka 2 sem. 23_24/Podstawy Elektroniki i Metrologii/Układy Cyfrowe/gotowce/MEGAPAKA/lab 6/EW/EW/EXT,26,6,6,1.0000,0.2308,26,6
Paczka II sem. 21_22/Układy Cyfrowe/gotowce/MEGAPAKA/ewb5.12,Paczki INFA/Paczka 2 sem. 23_24/Podstawy Elektroniki i Metrologii/Układy Cyfrowe/gotowce/MEGAPAKA/ewb5.12,10,6,6,1.0000,0.6000,10,6
Paczka II sem. 21_22/Układy Cyfrowe/gotowce/MEGAPAKA/lab 6/EW/EW/EXT,Paczki INFA/Paczka 2 sem. 23_24/Podstawy Elektroniki i Metrologii/Układy Cyfrowe/gotowce/MEGAPAKA/lab 6/EW/EW/EXT,10,6,6,1.0000,0.6000,10,6
Paczki INFA/Paczka 2 sem. 23_24/Podstawy Elektroniki i Metrologii/Elektronika/Laborki/1A,Paczki INFA/Paczka 2 sem. 23_24/Podstawy Elektroniki i Metrologii/Podstawy Elektroniki i Metrologii/Elektronika/Laborki/1A,6,7,6,1.0000,0.8571,6,7
Paczki INFA/Paczka 2 sem. 23_24/Podstawy Elektroniki i Metrologii/Układy Cyfrowe/Kolosy,Paczki Infa/2 SEM/(UC) Układy Cyfrowe/Kolosy/2023,9,6,6,1.0000,0.6667,9,6
Paczki INFA/Paczka 2 sem. 23_24/Podstawy Elektroniki i Metrologii/Układy Cyfrowe/gotowce/MEGAPAKA/06. Liczniki scalone/lab 6/EW/EW/EXT,Paczki INFA/Paczka 2 sem. 23_24/Podstawy Elektroniki i Metrologii/Układy Cyfrowe/gotowce/MEGAPAKA/lab 6/EW/EW/EXT,17,6,6,1.0000,0.3529,17,6
Paczki INFA/Paczka 3 sem. 23_24/(AKO) Architektura komputerów/stara_paka/Stara paczka/Laby/Gotowiec 3 (2018)/lab3,Paczki Infa/3 SEM/Stare Paczki/Paczka III sem. 21_22/Architektura Komputerów/Laby/Gotowiec 3 (2018)/lab3,6,11,6,1.0000,0.5455,6,11
Paczki INFA/Paczka 3 sem. 23_24/(BD) Bazy Danych/Projekty/Projekt 6/laboratorium/temat_1,Paczki Infa/3 SEM/Stare Paczki/Paczka III sem. 21_22/Bazy Danych/Projekt/Projekt 6/laboratorium/temat_1,6,6,6,1.0000,1.0000,6,11
Paczki Infa/3 SEM/Memy/Zdalne,Paczki Infa/3 SEM/Stare Paczki/PAAczka/memes,6,16,6,1.0000,0.3750,6,16
Paczki Infa/3 SEM/Memy/Zdalne,Paczki Infa/3 SEM/Stare Paczki/Paczka III sem. 21_22/Podstawy Analizy Algorytmów/PAAczka/memes,6,16,6,1.0000,0.3750,6,16
Paczki Infa/4 SEM/(MN) Metody Numeryczne/Stara Paczka/Projekt/Projekty (stare)/Projekt 1/Przykład 3 (2017),Paczki Infa/4 SEM/Stare Paczki/Paczka IV sem/Metody Numeryczne/Projekt/Projekty (stare)/Projekt 1/Przykład 3 (2017),6,18,6,1.0000,0.3333,6,18
Paczki Infa/4 SEM/(PT) Platformy Technologiczne/Stara Paczka,Paczki Infa/4 SEM/(PT) Platformy Technologiczne/Wykłady/Slajdy/Slajdy-(przed-2024)/C#,362,6,6,1.0000,0.0166,388,6
Paczki Infa/4 SEM/Stare Paczki/Paczka IV sem/Przetwarzanie Rozproszone/Laby/Przykład 2 (2016)/setlersi/dist/run1139488697/web-files,Paczki Infa/4 SEM/Stare Paczki/Paczka IV sem/Przetwarzanie Rozproszone/Laby/Przykład 2 (2016)/setlersi/dist/run934282862/web-files,9,6,6,1.0000,0.6667,9,6
V semestr 2024_2025/(ETI) Tworzenie rozwiązań typu Big Data/Computer networks/archiwumNowickiWozniak/lectures/Ponumerowane,V semestr 2024_2025/(ETI) Tworzenie rozwiązań typu Big Data/Computer networks/archiwumNowickiWozniak/lectures/Woźniak,12,6,6,1.0000,0.5000,12,6
Paczka I sem. 22_23/Matematyka Elementarna/Kolokwia,Paczka I sem./Matematyka Elementarna/Kolokwia,8,5,5,1.0000,0.6250,8,5
Paczka II sem. 21_22/Podstawy Elektroniki i Metrologii/Elektronika/Laborki 2019,Paczki INFA/Paczka 2 sem. 23_24/Podstawy Elektroniki i Metrologii/Elektronika/Laborki 2019,8,5,5,1.0000,0.6250,8,5
Paczka II sem. 21_22/Podstawy Elektroniki i Metrologii/Elektronika/Laborki/1A/cw1a,Paczki INFA/Paczka 2 sem. 23_24/Podstawy Elektroniki i Metrologii/Elektronika/Laborki/1A/cw1a,6,5,5,1.0000,0.8333,6,5
Paczka II sem. 21_22/Podstawy Elektroniki i Metrologii/Elektronika/Laborki/1C,Paczki INFA/Paczka 2 sem. 23_24/Podstawy Elektroniki i Metrologii/Elektronika/Laborki/1C,7,5,5,1.0000,0.7143,7,5
Paczka II sem. 21_22/Programowanie Obiektowe/przykladowe projekty/stare (nie wszystkie działają)/zestaw 2/Projekt cpp/Project1,Paczki INFA/Paczka 2 sem. 23_24/Podstawy Elektroniki i Metrologii/Programowanie Obiektowe/przykladowe projekty/stare (nie wszystkie działają)/zestaw 2/Projekt cpp/Project1,6,5,5,1.0000,0.8333,6,5
Paczka II sem. 21_22/Układy Cyfrowe/gotowce/MEGAPAKA/06. Liczniki scalone/lab 6/EW/EW/EXT,Paczki INFA/Paczka 2 sem. 23_24/Układy Cyfrowe/gotowce/MEGAPAKA/lab 6/EW/EW/EXT,26,5,5,1.0000,0.1923,26,5
Paczka II sem. 21_22/Układy Cyfrowe/gotowce/MEGAPAKA/lab 6/EW/EW/EXT,Paczki INFA/Paczka 2 sem. 23_24/Układy Cyfrowe/gotowce/MEGAPAKA/lab 6/EW/EW/EXT,10,5,5,1.0000,0.5000,10,5
Paczki INFA/Paczka 2 sem. 23_24/Algorytmy i Struktury Danych/Matematyka Dyskretna,Paczki Infa/2 SEM/(MD) Matematyka Dyskretna,133,5,5,1.0000,0.0376,141,5
Paczki INFA/Paczka 2 sem. 23_24/Podstawy Elektroniki i Metrologii/2024peim,SEM2/PEiM_Podstawy_Elektroniki_i_Metrologii/laboratoria/elektronika,24,5,5,1.0000,0.2083,24,5
Paczki INFA/Paczka 2 sem. 23_24/Podstawy Elektroniki i Metrologii/2024peim,SEM2/PEiM_Podstawy_Elektroniki_i_Metrologii/laboratoria/metrologia/03,24,5,5,1.0000,0.2083,24,5
Paczki INFA/Paczka 2 sem. 23_24/Podstawy Elektroniki i Metrologii/Elektronika,Paczki Infa/2 SEM/(PEiM) Podstawy Elektroniki i Metrologii/Elektronika,60,5,5,1.0000,0.0833,60,5
Paczki INFA/Paczka 2 sem. 23_24/Podstawy Elektroniki i Metrologii/Podstawy Elektroniki i Metrologii/Elektronika,Paczki Infa/2 SEM/(PEiM) Podstawy Elektroniki i Metrologii/Elektronika,63,5,5,1.0000,0.0794,63,5
Paczki INFA/Paczka 2 sem. 23_24/Podstawy Elektroniki i Metrologii/Układy Cyfrowe/gotowce/MEGAPAKA/06. Liczniki scalone/lab 6/EW/EW/EXT,Paczki INFA/Paczka 2 sem. 23_24/Układy Cyfrowe/gotowce/MEGAPAKA/lab 6/EW/EW/EXT,17,5,5,1.0000,0.2941,17,5
Paczki INFA/Paczka 2 sem. 23_24/Podstawy Elektroniki i Metrologii/Układy Cyfrowe/gotowce/MEGAPAKA/lab 6/EW/EW/EXT,Paczki INFA/Paczka 2 sem. 23_24/Układy Cyfrowe/gotowce/MEGAPAKA/lab 6/EW/EW/EXT,6,5,5,1.0000,0.8333,6,5
Paczki INFA/Paczka 2 sem. 23_24/Układy Cyfrowe/gotowce/MEGAPAKA/06. Liczniki scalone/lab 6/EW/EW/EXT,Paczki INFA/Paczka 2 sem. 23_24/Układy Cyfrowe/gotowce/MEGAPAKA/lab 6/EW/EW/EXT,16,5,5,1.0000,0.3125,16,5
Paczki INFA/Paczka 3 sem. 23_24/(AKO) Architektura komputerów/stara_paka/Stara paczka/Ćwiczenia/2018/kolokwium2/AKO 23 zadania/Zadanie 7/Debug,Paczki Infa/3 SEM/Stare Paczki/Paczka III sem. 21_22/Architektura Komputerów/Ćwiczenia/2018/kolokwium2/AKO 23 zadania/Zadanie 7/Debug,5,11,5,1.0000,0.4545,5,11
Paczki INFA/Paczka 3 sem. 23_24/(AKO) Architektura komputerów/stara_paka/Stara paczka/Ćwiczenia/2018/kolokwium2/AKO 23 zadania/Zadanie 8/Debug,Paczki Infa/3 SEM/Stare Paczki/Paczka III sem. 21_22/Architektura Komputerów/Ćwiczenia/2018/kolokwium2/AKO 23 zadania/Zadanie 8/Debug,5,11,5,1.0000,0.4545,5,11
Paczki INFA/Paczka 3 sem. 23_24/(JPR) Języki programowania/Wykłady,Paczki Infa/3 SEM/(JP) Języki Programowania/Wykłady,7,5,5,1.0000,0.7143,7,5
Paczki INFA/Paczka 3 sem. 23_24/(PAA) Podstawy Analizy Algorytmów/Wykłady/Opracowania,Paczki Infa/3 SEM/(PAA) Podstawy Analizy Algorytmów/Opracowania,5,23,5,1.0000,0.2174,5,23
Paczki Infa/4 SEM/(PT) Platformy Technologiczne/Stara Paczka/Wykład/C#,Paczki Infa/4 SEM/(PT) Platformy Technologiczne/Wykłady/Slajdy/Slajdy-(przed-2024)/C#,5,6,5,1.0000,0.8333,5,6
Paczki Infa/4 SEM/(SK) Sieci Komputerowe/Stara Paczka/Książki,Paczki Infa/4 SEM/Stare Paczki/Paczka IV sem/Sieci Komputerowe/Książki,7,5,5,1.0000,0.7143,7,5
I semestr 2024_2025/Basics of Computer Programming/Exam/2013,Paczka I sem. 22_23/Podstawy Programowania/Egzaminy,4,29,4,1.0000,0.1379,4,29
I semestr 2024_2025/Basics of Computer Programming/Exam/2013,Paczka I sem./Podstawy Programowania/Egzaminy,4,26,4,1.0000,0.1538,4,26
I semestr 2024_2025/Basics of Computer Programming/Exam/2015,Paczka I sem. 22_23/Podstawy Programowania/Egzaminy,4,29,4,1.0000,0.1379,4,29
I semestr 2024_2025/Basics of Computer Programming/Exam/2015,Paczka I sem./Podstawy Programowania/Egzaminy,4,26,4,1.0000,0.1538,4,26
I semestr 2024_2025/Basics of Computer Programming/Exam/2016,Paczka I sem. 22_23/Podstawy Programowania/Egzaminy,4,29,4,1.0000,0.1379,4,29
I semestr 2024_2025/Basics of Computer Programming/Exam/2016,Paczka I sem./Podstawy Programowania/Egzaminy,4,26,4,1.0000,0.1538,4,26
I semestr 2024_2025/Basics of Computer Programming/Exam/2022,Paczki INFA/Paczka 1 sem. 23_24/(PP) Podstawy Programowania/Egzamin/kolo 2022,4,8,4,1.0000,0.5000,4,8
II semestr 2024_2025/Object Programming/Notes,Paczka II sem. 21_22/Programowanie Obiektowe/notatki2,6,4,4,1.0000,0.6667,6,4
III semestr 2024_2025/Databases/Exams,Paczki INFA/Paczka 3 sem. 23_24/(BD) Bazy Danych/Wykłady/Egzamin/BD-2019-InzynieriaDanych/sql,49,4,4,1.0000,0.0816,49,4
Paczka I sem. 22_23/Algebra Liniowa/Kolokwia,Paczka I sem./Algebra Liniowa/Kolokwia,5,4,4,1.0000,0.8000,5,4
Paczka I sem. 22_23/Podstawy Programowania/Egzaminy,Paczki INFA/Paczka 1 sem. 23_24/(PP) Podstawy Programowania/Egzamin/kolo 2014,29,4,4,1.0000,0.1379,29,4
Paczka I sem. 22_23/Podstawy Programowania/Egzaminy,Paczki INFA/Paczka 1 sem. 23_24/(PP) Podstawy Programowania/Egzamin/kolo 2017,29,4,4,1.0000,0.1379,29,4
Paczka I sem. 22_23/Wytwarzanie Aplikacji Internetowych/Egzaminy,Paczki INFA/Paczka 1 sem. 23_24/(WAI) Wytwarzania Aplikacji Internetowych/Egzamin/2016,110,4,4,1.0000,0.0364,123,4
Paczka I sem. 22_23/Wytwarzanie Aplikacji Internetowych/Egzaminy,Paczki INFA/Paczka 1 sem. 23_24/(WAI) Wytwarzania Aplikacji Internetowych/Egzamin/Coś dziwnego,110,4,4,1.0000,0.0364,123,4
Paczka I sem./Algebra Liniowa/Kolokwia,Paczki INFA/Paczka 1 sem. 23_24/(AL) Algebra Liniowa/Kolokwia,4,39,4,1.0000,0.1026,4,39
Paczka I sem./Podstawy Programowania/Egzaminy,Paczki INFA/Paczka 1 sem. 23_24/(PP) Podstawy Programowania/Egzamin/kolo 2014,26,4,4,1.0000,0.1538,26,4
Paczka I sem./Podstawy Programowania/Egzaminy,Paczki INFA/Paczka 1 sem. 23_24/(PP) Podstawy Programowania/Egzamin/kolo 2017,26,4,4,1.0000,0.1538,26,4
Paczka I sem./Wytwarzanie Aplikacji Internetowych/Egzaminy,Paczki INFA/Paczka 1 sem. 23_24/(WAI) Wytwarzania Aplikacji Internetowych/Egzamin/Coś dziwnego,17,4,4,1.0000,0.2353,17,4
Paczka II sem. 21_22/Programowanie Obiektowe/laborki/Lab 2/Zadanie 2,Paczki INFA/Paczka 2 sem. 23_24/Podstawy Elektroniki i Metrologii/Programowanie Obiektowe/laborki/Lab 2/Zadanie 2,5,4,4,1.0000,0.8000,5,4
Paczka II sem. 21_22/Programowanie Obiektowe/przykladowe projekty/stare (nie wszystkie działają)/zestaw 2/Projekt cpp/Project1,Paczki INFA/Paczka 2 sem. 23_24/Programowanie Obiektowe/przykladowe projekty/stare (nie wszystkie działają)/zestaw 2/Projekt cpp/Project1,6,4,4,1.0000,0.6667,6,4
Paczka II sem. 21_22/Układy Cyfrowe/gotowce/MEGAPAKA/08. Układy asynchroniczne/Lab8,Paczka II sem. 21_22/Układy Cyfrowe/gotowce/MEGAPAKA/8_UKL_ASYNCHRONICZNE/LAB8,4,6,4,1.0000,0.6667,4,6
Paczka II sem. 21_22/Układy Cyfrowe/gotowce/UC laborki/5,Paczki INFA/Paczka 2 sem. 23_24/Podstawy Elektroniki i Metrologii/Układy Cyfrowe/gotowce/UC laborki/5,5,4,4,1.0000,0.8000,5,4
Paczki INFA/Paczka 2 sem. 23_24/Algorytmy i Struktury Danych/Matematyka Dyskretna,SEM2/MD_Matematyka_Dyskretna/kolokwia/kol_02,133,4,4,1.0000,0.0301,141,4
Paczki INFA/Paczka 2 sem. 23_24/Podstawy Elektroniki i Metrologii/2024peim,SEM2/PEiM_Podstawy_Elektroniki_i_Metrologii/laboratoria/elektronika/02,24,4,4,1.0000,0.1667,24,4
Paczki INFA/Paczka 2 sem. 23_24/Podstawy Elektroniki i Metrologii/2024peim/elektronika-kolos,SEM2/PEiM_Podstawy_Elektroniki_i_Metrologii/egzamin,4,10,4,1.0000,0.4000,4,10
Paczki INFA/Paczka 2 sem. 23_24/Podstawy Elektroniki i Metrologii/Programowanie Obiektowe/przykladowe projekty/stare (nie wszystkie działają)/zestaw 2/Projekt cpp/Project1,Paczki INFA/Paczka 2 sem. 23_24/Programowanie Obiektowe/przykladowe projekty/stare (nie wszystkie działają)/zestaw 2/Projekt cpp/Project1,5,4,4,1.0000,0.8000,5,4
Paczki INFA/Paczka 2 sem. 23_24/Podstawy Elektroniki i Metrologii/Systemy Operacyjne/2024so,Paczki Infa/2 SEM/(SO) Systemy Operacyjne/Egzaminy,15,4,4,1.0000,0.2667,15,4
Paczki INFA/Paczka 3 sem. 23_24/(AKO) Architektura komputerów/stara_paka/Stara paczka/AKO - grupa/Ćwiczenia/Zadania z ćwiczeń,Paczki INFA/Paczka 3 sem. 23_24/(AKO) Architektura komputerów/stara_paka/Stara paczka/Ćwiczenia/2017 i wcześniej/Zadania,4,63,4,1.0000,0.0635,4,80
Paczki INFA/Paczka 3 sem. 23_24/(JPR) Języki programowania/Projekty/4-Prolog,Paczki Infa/3 SEM/(JP) Języki Programowania/Projekty/4-Prolog,9,4,4,1.0000,0.4444,9,4
Paczki Infa/3 SEM/(GK) Grafika Komputerowa/Laby/L1,Paczki Infa/3 SEM/Stare Paczki/Paczka III sem. 21_22/Grafika Komputerowa/Laby/L1,4,5,4,1.0000,0.8000,4,5
Paczki Infa/4 SEM,Paczki Infa/4 SEM - broken,4412,4,4,1.0000,0.0009,6636,4
Paczki Infa/4 SEM/(MN) Metody Numeryczne/Stara Paczka/Projekt/Projekty (stare)/Projekt 1/Przykład 3 (2017)/SumaSzereguPotegowego,Paczki Infa/4 SEM/Stare Paczki/Paczka IV sem/Metody Numeryczne/Projekt/Projekty (stare)/Projekt 1/Przykład 3 (2017)/SumaSzereguPotegowego,4,16,4,1.0000,0.2500,4,16
Paczki Infa/4 SEM/(MPwI) Metody Probabilistyczne w Informatyce/Stara Paczka/Egzamin/Zaliczenie_2020,Paczki Infa/4 SEM/(MPwI) Metody Probabilistyczne w Informatyce/Wykłady/Egzamin,4,10,4,1.0000,0.4000,4,10
Paczki Infa/4 SEM/(PR) Przetwarzanie Rozproszone/Laby/Matuszek/Lab01/Przykładowe rozwiązanie,Paczki Infa/4 SEM/(PR) Przetwarzanie Rozproszone/Laby/Matuszek/Lab02/Przykładowe rozwiązanie,4,5,4,1.0000,0.8000,4,5
Paczki Infa/4 SEM/Stare Paczki/Paczka IV sem/Przetwarzanie Rozproszone/Laby/Przykład 2 (2016)/setlersi/dist/run1139488697/web-files,Paczki Infa/4 SEM/Stare Paczki/Paczka IV sem/Przetwarzanie Rozproszone/Laby/Przykład 2 (2016)/setlersi/dist/run114774900/web-files,9,4,4,1.0000,0.4444,9,4
Paczki Infa/4 SEM/Stare Paczki/Paczka IV sem/Systemy Wbudowane i Mikroprocesory/Labki/ADIS,Paczki Infa/4 SEM/Stare Paczki/Paczka IV sem/Systemy Wbudowane i Mikroprocesory/Labki/Materiały 2 (zgrane 2016-05-04 z komp. laboratoryjnego)/instrukcje,4,5,4,1.0000,0.8000,4,5
Paczki Infa/4 SEM/Stare Paczki/Paczka IV sem/Systemy Wbudowane i Mikroprocesory/Labki/Materiały (zgrane 2016-03-30 z komp. laboratoryjnego)/Czesc_1_PIC18F4520/cw3/include,Paczki Infa/4 SEM/Stare Paczki/Paczka IV sem/Systemy Wbudowane i Mikroprocesory/Labki/PIC/headers,4,6,4,1.0000,0.6667,4,6
Paczki Infa/4 SEM/Stare Paczki/Paczka IV sem/Systemy Wbudowane i Mikroprocesory/Labki/Materiały (zgrane 2016-03-30 z komp. laboratoryjnego)/Czesc_1_PIC18F4520/cw4,Paczki Infa/4 SEM/Stare Paczki/Paczka IV sem/Systemy Wbudowane i Mikroprocesory/Labki/PIC,4,130,4,1.0000,0.0308,4,198
I semestr 2024_2025/Basics of Computer Programming/Exam/2014,Paczka I sem. 22_23/Podstawy Programowania/Egzaminy,3,29,3,1.0000,0.1034,4,29
I semestr 2024_2025/Basics of Computer Programming/Exam/2014,Paczka I sem./Podstawy Programowania/Egzaminy,3,26,3,1.0000,0.1154,4,26
I semestr 2024_2025/Basics of Computer Programming/Exam/2014,Paczki INFA/Paczka 1 sem. 23_24/(PP) Podstawy Programowania/Egzamin/kolo 2014,3,4,3,1.0000,0.7500,4,4
III semestr 2024_2025/Databases/Exams/infa,Paczki INFA/Paczka 3 sem. 23_24/(BD) Bazy Danych/Wykłady/Egzamin/Modelowanie,23,3,3,1.0000,0.1304,23,3
III semestr 2024_2025/Software Engineering/Informatics materials/Slajdy/UML,III semestr 2024_2025/Software Engineering/Lectures/wykład 2019,3,10,3,1.0000,0.3000,3,10
Paczka I sem. 22_23/Analiza Matematyczna/Kolokwia,Paczki INFA/Paczka 1 sem. 23_24/(AM) Analiza Matematyczna/Kolokwia,3,8,3,1.0000,0.3750,3,8
Paczka II sem. 21_22/Algorytmy i Struktury Danych,SEM2/AiSD_Algorytmy_i_Struktury_Danych/inne/notatki,187,3,3,1.0000,0.0160,199,3
Paczka II sem. 21_22/Algorytmy i Struktury Danych/2020/Projekty,SEM2/AiSD_Algorytmy_i_Struktury_Danych/projekt,3,84,3,1.0000,0.0357,3,85
Paczka II sem. 21_22/Algorytmy i Struktury Danych/materiały,SEM2/AiSD_Algorytmy_i_Struktury_Danych/inne/artykuły,8,3,3,1.0000,0.3750,8,3
Paczka II sem. 21_22/Algorytmy i Struktury Danych/materiały,SEM2/AiSD_Algorytmy_i_Struktury_Danych/inne/książki,8,3,3,1.0000,0.3750,8,3
Paczka II sem. 21_22/Jezyk Angielski/podreczniki/IntelligentBusinessAdvanced,Paczki INFA/Paczka 2 sem. 23_24/Jezyk Angielski/podreczniki/IntelligentBusinessAdvanced,66,3,3,1.0000,0.0455,66,3
Paczka II sem. 21_22/Podstawy Elektroniki i Metrologii,SEM2/PEiM_Podstawy_Elektroniki_i_Metrologii/opracowania,226,3,3,1.0000,0.0133,232,3
Paczka II sem. 21_22/Podstawy Elektroniki i Metrologii/Elektronika/Laborki/1C/cw1c,Paczki INFA/Paczka 2 sem. 23_24/Podstawy Elektroniki i Metrologii/Elektronika/Laborki/1C/cw1c,5,3,3,1.0000,0.6000,5,3
Paczka II sem. 21_22/Podstawy Fizyki,SEM2/PF_Podstawy_Fizyki/opracowania,165,3,3,1.0000,0.0182,170,3
Paczka II sem. 21_22/Podstawy Fizyki/wykłady/stare,Paczki INFA/Paczka 2 sem. 23_24/Podstawy Elektroniki i Metrologii/Podstawy Fizyki/wykłady/stare,11,3,3,1.0000,0.2727,11,3
Paczka II sem. 21_22/Programowanie Obiektowe/Programowanie/2020/PO/laby,Paczki INFA/Paczka 2 sem. 23_24/Programowanie Obiektowe/Programowanie/2020/PO/laby,5,3,3,1.0000,0.6000,5,3
Paczka II sem. 21_22/Programowanie Obiektowe/laborki/Lab 2/Zadanie 2,Paczki INFA/Paczka 2 sem. 23_24/Programowanie Obiektowe/laborki/Lab 2/Zadanie 2,5,3,3,1.0000,0.6000,5,3
Paczka II sem. 21_22/Programowanie Obiektowe/python/hts-cache,Paczki INFA/Paczka 2 sem. 23_24/Podstawy Elektroniki i Metrologii/Programowanie Obiektowe/python/hts-cache,4,3,3,1.0000,0.7500,4,3
Paczka II sem. 21_22/Układy Cyfrowe/gotowce/3,Paczki INFA/Paczka 2 sem. 23_24/Układy Cyfrowe/gotowce/3,5,3,3,1.0000,0.6000,5,3
Paczka II sem. 21_22/Układy Cyfrowe/gotowce/MEGAPAKA/04.układy czasowe,Paczka II sem. 21_22/Układy Cyfrowe/gotowce/MEGAPAKA/układy czasowe,3,4,3,1.0000,0.7500,3,4
Paczka II sem. 21_22/Układy Cyfrowe/gotowce/MEGAPAKA/06. Liczniki scalone/lab 6/EW/EW/MODELS/OPAMP_9T,Paczka II sem. 21_22/Układy Cyfrowe/gotowce/MEGAPAKA/lab 6/EW/EW/MODELS/OPAMP_9T,3,6,3,1.0000,0.5000,3,6
Paczka II sem. 21_22/Układy Cyfrowe/gotowce/MEGAPAKA/lab8,Paczki INFA/Paczka 2 sem. 23_24/Układy Cyfrowe/gotowce/MEGAPAKA/lab8,4,3,3,1.0000,0.7500,4,3
Paczka II sem. 21_22/Układy Cyfrowe/gotowce/UC laborki/5,Paczki INFA/Paczka 2 sem. 23_24/Układy Cyfrowe/gotowce/UC laborki/5,5,3,3,1.0000,0.6000,5,3
Paczki INFA/Paczka 2 sem. 23_24/Algorytmy i Struktury Danych,SEM2/AiSD_Algorytmy_i_Struktury_Danych/inne/notatki,331,3,3,1.0000,0.0091,350,3
Paczki INFA/Paczka 2 sem. 23_24/Podstawy Elektroniki i Metrologii/2024peim,SEM2/PEiM_Podstawy_Elektroniki_i_Metrologii/laboratoria/metrologia/02,24,3,3,1.0000,0.1250,24,3
Paczki INFA/Paczka 2 sem. 23_24/Podstawy Elektroniki i Metrologii/Algorytmy i Struktury Danych,SEM2/AiSD_Algorytmy_i_Struktury_Danych/inne/notatki,198,3,3,1.0000,0.0152,209,3
Paczki INFA/Paczka 2 sem. 23_24/Podstawy Elektroniki i Metrologii/Metrologia,Paczki Infa/2 SEM/(PEiM) Podstawy Elektroniki i Metrologii/Metrologia,89,3,3,1.0000,0.0337,89,3
Paczki INFA/Paczka 2 sem. 23_24/Podstawy Elektroniki i Metrologii/Podstawy Elektroniki i Metrologii,SEM2/PEiM_Podstawy_Elektroniki_i_Metrologii/opracowania,202,3,3,1.0000,0.0149,207,3
Paczki INFA/Paczka 2 sem. 23_24/Podstawy Elektroniki i Metrologii/Podstawy Elektroniki i Metrologii/Metrologia,Paczki Infa/2 SEM/(PEiM) Podstawy Elektroniki i Metrologii/Metrologia,90,3,3,1.0000,0.0333,90,3
Paczki INFA/Paczka 2 sem. 23_24/Podstawy Elektroniki i Metrologii/Podstawy Fizyki,SEM2/PF_Podstawy_Fizyki/opracowania,177,3,3,1.0000,0.0169,182,3
Paczki INFA/Paczka 2 sem. 23_24/Podstawy Elektroniki i Metrologii/Programowanie Obiektowe/laborki/Lab 2/Zadanie 2,Paczki INFA/Paczka 2 sem. 23_24/Programowanie Obiektowe/laborki/Lab 2/Zadanie 2,4,3,3,1.0000,0.7500,4,3
Paczki INFA/Paczka 2 sem. 23_24/Podstawy Elektroniki i Metrologii/Układy Cyfrowe/Kartkówki,Paczki Infa/2 SEM/(UC) Układy Cyfrowe/Kartkówki,4,3,3,1.0000,0.7500,4,3
Paczki INFA/Paczka 2 sem. 23_24/Podstawy Elektroniki i Metrologii/Układy Cyfrowe/gotowce/UC laborki/5,Paczki INFA/Paczka 2 sem. 23_24/Układy Cyfrowe/gotowce/UC laborki/5,4,3,3,1.0000,0.7500,4,3
Paczki INFA/Paczka 2 sem. 23_24/Podstawy Fizyki,SEM2/PF_Podstawy_Fizyki/opracowania,176,3,3,1.0000,0.0170,181,3
Paczki INFA/Paczka 3 sem. 23_24/(AKO) Architektura komputerów/stara_paka/Stara paczka/Laby/2019/lab_5,Paczki Infa/3 SEM/Stare Paczki/Paczka III sem. 21_22/Architektura Komputerów/Laby/2019/lab_5,3,188,3,1.0000,0.0160,3,196
Paczki INFA/Paczka 3 sem. 23_24/(AKO) Architektura komputerów/stara_paka/Stara paczka/Laby/2019/lab_5,Paczki Infa/3 SEM/Stare Paczki/Semestr 3 paczka/Architektura Komputerów/Laby/2019/lab_5,3,188,3,1.0000,0.0160,3,196
Paczki INFA/Paczka 3 sem. 23_24/(AKO) Architektura komputerów/stara_paka/Stara paczka/Laby/Gotowiec 6 (2018)+ chyba WSZYSTKIE wejściówki Cejrowskiego/ako6,Paczki Infa/3 SEM/Stare Paczki/Paczka III sem. 21_22/Architektura Komputerów/Laby/Gotowiec 6 (2018)+ chyba WSZYSTKIE wejściówki Cejrowskiego/ako6,3,43,3,1.0000,0.0698,3,43
Paczki INFA/Paczka 3 sem. 23_24/(AKO) Architektura komputerów/stara_paka/Stara paczka/Laby/inne/kod_zadanka,Paczki Infa/3 SEM/Stare Paczki/Paczka III sem. 21_22/Architektura Komputerów/Laby/inne/kod_zadanka,3,3,3,1.0000,1.0000,3,5
Paczki INFA/Paczka 3 sem. 23_24/(BD) Bazy Danych/Wykłady/Egzamin/Modelowanie,Paczki Infa/3 SEM/Stare Paczki/Paczka III sem. 21_22/Bazy Danych/Egzamin,3,34,3,1.0000,0.0882,3,34
Paczki INFA/Paczka 3 sem. 23_24/(FW) Fizyka współczesna/Laby/Hewelianum,Paczki Infa/3 SEM/Stare Paczki/Paczka III sem. 21_22/Fizyka Współczesna/Laby/Hewelianum,4,3,3,1.0000,0.7500,4,3
Paczki INFA/Paczka 3 sem. 23_24/(JPR) Języki programowania/Projekty/1-Ada/Przykład 2,Paczki INFA/Paczka 3 sem. 23_24/(JPR) Języki programowania/Projekty/ADA,3,12,3,1.0000,0.2500,4,13
Paczki INFA/Paczka 3 sem. 23_24/(JPR) Języki programowania/Projekty/1-Ada/Przykład 2,Paczki INFA/Paczka 3 sem. 23_24/(JPR) Języki programowania/Stara paczka/Projekt/ADA,3,13,3,1.0000,0.2308,4,14
Paczki INFA/Paczka 3 sem. 23_24/(JPR) Języki programowania/Projekty/2-Smalltalk/Przykład 2,Paczki INFA/Paczka 3 sem. 23_24/(JPR) Języki programowania/Projekty/Smalltalk,3,4,3,1.0000,0.7500,3,4
Paczki INFA/Paczka 3 sem. 23_24/(JPR) Języki programowania/Stara paczka/Projekt/ZESTAW 1/2. Smalltalk,Paczki INFA/Paczka 3 sem. 23_24/(JPR) Języki programowania/Stara paczka/Projekt/ZESTAW 2 (2017)/Smalltalk,17,3,3,1.0000,0.1765,18,3
Paczki INFA/Paczka 3 sem. 23_24/(MII) Multimedia i Interfejsy/Laby/Lab 1,Paczki Infa/3 SEM/(MII) Multimedia i Interfejsy/Laby/Lab 1,4,3,3,1.0000,0.7500,4,3
Paczki INFA/Paczka 3 sem. 23_24/(PAA) Podstawy Analizy Algorytmów/Wykłady/Egzamin/Stare,Paczki Infa/3 SEM/(PAA) Podstawy Analizy Algorytmów,3,151,3,1.0000,0.0199,3,159
Paczki Infa/3 SEM/(PAA) Podstawy Analizy Algorytmów/Opracowania/Notatki,Paczki Infa/3 SEM/Stare Paczki/PAAczka/wykłady,11,3,3,1.0000,0.2727,11,3
Paczki Infa/4 SEM/(MN) Metody Numeryczne/Stara Paczka/Lab/2020/Lab 3,Paczki Infa/4 SEM/Stare Paczki/Paczka IV sem/Metody Numeryczne/Lab/2020/Lab 3,3,4,3,1.0000,0.7500,3,4
Paczki Infa/4 SEM/(MacOS) System operacyjny MAC OS X i iOS/Wykłady,Paczki Infa/4 SEM/Stare Paczki/Paczka IV sem/Systemy macOS i iOS/Kolokwia,8,3,3,1.0000,0.3750,8,3
Paczki Infa/4 SEM/(SI) Sztuczna Inteligencja/Stara Paczka/Lab/2020/Olewniczak/SI_Lab4,Paczki Infa/4 SEM/Stare Paczki/Paczka IV sem/Sztuczna Inteligencja/Lab/2020/Olewniczak/SI_Lab4,3,5,3,1.0000,0.6000,3,5
Paczki Infa/4 SEM/(SI) Sztuczna Inteligencja/Stara Paczka/Lab/Labki (Jeszcze Starsze)/lab1,Paczki Infa/4 SEM/(SI) Sztuczna Inteligencja/Stara Paczka/Lab/Labki (Jeszcze Starsze)/labki 2014/lab1/lab1/lab1_SI_mrowki,18,3,3,1.0000,0.1667,19,3
Paczki Infa/4 SEM/Stare Paczki/Paczka IV sem/Systemy Wbudowane i Mikroprocesory/Labki/Materiały (zgrane 2016-03-30 z komp. laboratoryjnego)/Czesc_1_PIC18F4520/cw3/template/cw3usart,Paczki Infa/4 SEM/Stare Paczki/Paczka IV sem/Systemy Wbudowane i Mikroprocesory/Labki/Materiały (zgrane 2016-03-30 z komp. laboratoryjnego)/Czesc_1_PIC18F4520/cw4/template/cw4i2c,7,3,3,1.0000,0.4286,7,3
Paczki Infa/4 SEM/Stare Paczki/Paczka IV sem/Systemy Wbudowane i Mikroprocesory/Labki/Materiały (zgrane 2016-03-30 z komp. laboratoryjnego)/Czesc_1_PIC18F4520/cw4/template/cw4i2c,Paczki Infa/4 SEM/Stare Paczki/Paczka IV sem/Systemy Wbudowane i Mikroprocesory/Labki/PIC/1.3/src,3,27,3,1.0000,0.1111,3,27
Paczki Infa/4 SEM/Stare Paczki/Paczka IV sem/Systemy Wbudowane i Mikroprocesory/Labki/Materiały (zgrane 2016-03-30 z komp. laboratoryjnego)/Czesc_1_PIC18F4520/cw4/template/cw4i2c,Paczki Infa/4 SEM/Stare Paczki/Paczka IV sem/Systemy Wbudowane i Mikroprocesory/Labki/PIC/1.4/src,3,15,3,1.0000,0.2000,3,15
Paczki Infa/4 SEM/Stare Paczki/Paczka IV sem/Systemy Wbudowane i Mikroprocesory/Labki/Materiały (zgrane 2016-03-30 z komp. laboratoryjnego)/Czesc_1_PIC18F4520/cw4/template/cw4i2c,Paczki Infa/4 SEM/Stare Paczki/Paczka IV sem/Systemy Wbudowane i Mikroprocesory/Labki/PIC/cw3usart,3,39,3,1.0000,0.0769,3,39
Paczki Infa/4 SEM/Stare Paczki/Paczka IV sem/Systemy Wbudowane i Mikroprocesory/Labki/Materiały (zgrane 2016-03-30 z komp. laboratoryjnego)/Czesc_1_PIC18F4520/cw4/template/cw4i2c,Paczki Infa/4 SEM/Stare Paczki/Paczka IV sem/Systemy Wbudowane i Mikroprocesory/Labki/PIC/cw4i2c,3,36,3,1.0000,0.0833,3,36
I semestr 2024_2025/Hipertext _ Hipermedia/Labs 2018/Lab 1,Paczka I sem. 22_23/Hipertekst i Hipermedia/Laboratorium/Lab 1/DlaStudentow/DlaStudentow/img,8,2,2,1.0000,0.2500,8,2
III semestr 2024_2025/Databases/Exams,Paczki INFA/Paczka 3 sem. 23_24/(BD) Bazy Danych/Wykłady/Egzamin/BD-2019-InzynieriaDanych/modelowanie,49,2,2,1.0000,0.0408,49,2
III semestr 2024_2025/Databases/Exams,Paczki INFA/Paczka 3 sem. 23_24/(BD) Bazy Danych/Wykłady/Egzamin/BD-2019-InzynieriaDanych/theory,49,2,2,1.0000,0.0408,49,2
III semestr 2024_2025/Mathematical Statistics/Exams/Tutorials,III semestr 2024_2025/Mathematical Statistics/Tutorials,2,27,2,1.0000,0.0741,2,27
Paczka I sem. 22_23/Hipertekst i Hipermedia/Laboratorium/Lab 1,Paczka I sem./Hipertekst i Hipermedia/Laboratorium/Lab 1,11,2,2,1.0000,0.1818,11,2
Paczka I sem. 22_23/Hipertekst i Hipermedia/Laboratorium/Lab 2,Paczka I sem./Hipertekst i Hipermedia/Laboratorium/Lab 2,6,2,2,1.0000,0.3333,6,2
Paczka I sem. 22_23/Hipertekst i Hipermedia/Laboratorium/Lab 3,Paczka I sem./Hipertekst i Hipermedia/Laboratorium/Lab 3,12,2,2,1.0000,0.1667,12,2
Paczka I sem./Hipertekst i Hipermedia/Laboratorium/Lab 1,Paczki INFA/Paczka 1 sem. 23_24/(HiH) Hipertekst i Hipermedia/Laby/Lab1/Pliki początkowe,2,3,2,1.0000,0.6667,2,3
Paczka I sem./Hipertekst i Hipermedia/Laboratorium/Lab 2,Paczki INFA/Paczka 1 sem. 23_24/(HiH) Hipertekst i Hipermedia/Laby/Lab2/Pliki początkowe,2,3,2,1.0000,0.6667,2,3
Paczka II sem. 21_22/Algorytmy i Struktury Danych/Lab/Tytus 2019,SEM2/AiSD_Algorytmy_i_Struktury_Danych/laboratoria/pikies/bufor_cykliczny,9,2,2,1.0000,0.2222,9,2
Paczka II sem. 21_22/Algorytmy i Struktury Danych/Lab/Tytus 2019,SEM2/AiSD_Algorytmy_i_Struktury_Danych/laboratoria/pikies/liczba_jedynek,9,2,2,1.0000,0.2222,9,2
Paczka II sem. 21_22/Algorytmy i Struktury Danych/Lab/Tytus 2019,SEM2/AiSD_Algorytmy_i_Struktury_Danych/laboratoria/pikies/pieski,9,2,2,1.0000,0.2222,9,2
Paczka II sem. 21_22/Podstawy Elektroniki i Metrologii/Elektronika/Laborki/1B,Paczki INFA/Paczka 2 sem. 23_24/Podstawy Elektroniki i Metrologii/Elektronika/Laborki/1B,11,2,2,1.0000,0.1818,11,2
Paczka II sem. 21_22/Podstawy Elektroniki i Metrologii/Elektronika/Laborki/3,Paczki INFA/Paczka 2 sem. 23_24/Podstawy Elektroniki i Metrologii/Elektronika/Laborki/3,10,2,2,1.0000,0.2000,10,2
Paczka II sem. 21_22/Podstawy Elektroniki i Metrologii/Elektronika/Laborki/4A,Paczki INFA/Paczka 2 sem. 23_24/Podstawy Elektroniki i Metrologii/Elektronika/Laborki/4A,6,2,2,1.0000,0.3333,6,2
Paczka II sem. 21_22/Podstawy Elektroniki i Metrologii/Elektronika/inne materiały,SEM2/PEiM_Podstawy_Elektroniki_i_Metrologii/opracowania,2,3,2,1.0000,0.6667,2,3
Paczka II sem. 21_22/Podstawy Elektroniki i Metrologii/Metrologia/Laborki/sprawozdania/cw1,Paczki INFA/Paczka 2 sem. 23_24/Podstawy Elektroniki i Metrologii/Metrologia/Laborki/sprawozdania/cw1,5,2,2,1.0000,0.4000,5,2
Paczka II sem. 21_22/Podstawy Elektroniki i Metrologii/Metrologia/koło - opracowania pytań/Q_A_vol1,Paczki INFA/Paczka 2 sem. 23_24/Podstawy Elektroniki i Metrologii/Metrologia/koło - opracowania pytań/Q_A_vol1,3,2,2,1.0000,0.6667,3,2
Paczka II sem. 21_22/Podstawy Fizyki/egzamin/aktualne,Paczki INFA/Paczka 2 sem. 23_24/Podstawy Elektroniki i Metrologii/Podstawy Fizyki/egzamin/aktualne,4,2,2,1.0000,0.5000,4,2
Paczka II sem. 21_22/Programowanie Obiektowe/Programowanie/Symfonia C++ - programy/Symfonia C++/Debug,Paczki INFA/Paczka 2 sem. 23_24/Podstawy Elektroniki i Metrologii/Programowanie Obiektowe/Programowanie/Symfonia C++ - programy/Symfonia C++/Debug,3,2,2,1.0000,0.6667,3,2
Paczka II sem. 21_22/Programowanie Obiektowe/laborki/Lab 2/ConsoleApplication1/Debug,Paczki INFA/Paczka 2 sem. 23_24/Podstawy Elektroniki i Metrologii/Programowanie Obiektowe/laborki/Lab 2/ConsoleApplication1/Debug,3,2,2,1.0000,0.6667,3,2
Paczka II sem. 21_22/Programowanie Obiektowe/laborki/Lab 2/Zadanie 4/Debug,Paczki INFA/Paczka 2 sem. 23_24/Podstawy Elektroniki i Metrologii/Programowanie Obiektowe/laborki/Lab 2/Zadanie 4/Debug,3,2,2,1.0000,0.6667,3,2
Paczka II sem. 21_22/Programowanie Obiektowe/laborki/Lab 2/Zadanie 5/Debug,Paczki INFA/Paczka 2 sem. 23_24/Podstawy Elektroniki i Metrologii/Programowanie Obiektowe/laborki/Lab 2/Zadanie 5/Debug,3,2,2,1.0000,0.6667,3,2
Paczka II sem. 21_22/Programowanie Obiektowe/przykladowe projekty/PrOb_proj3/venv/Lib/site-packages/pygame/tests/run_tests__tests/all_ok,Paczka II sem. 21_22/Programowanie Obiektowe/przykladowe projekty/PrOb_proj3/venv/Lib/site-packages/pygame/tests/run_tests__tests/failures1,2,2,2,1.0000,1.0000,6,2
Paczka II sem. 21_22/Programowanie Obiektowe/przykladowe projekty/PrOb_proj3/venv/Lib/site-packages/pygame/tests/run_tests__tests/all_ok,Paczka II sem. 21_22/Programowanie Obiektowe/przykladowe projekty/PrOb_proj3/venv/Lib/site-packages/pygame/tests/run_tests__tests/incomplete,2,3,2,1.0000,0.6667,6,3
Paczka II sem. 21_22/Programowanie Obiektowe/przykladowe projekty/PrOb_proj3/venv/Lib/site-packages/pygame/tests/run_tests__tests/all_ok,Paczka II sem. 21_22/Programowanie Obiektowe/przykladowe projekty/PrOb_proj3/venv/Lib/site-packages/pygame/tests/run_tests__tests/incomplete_todo,2,3,2,1.0000,0.6667,6,3
Paczka II sem. 21_22/Programowanie Obiektowe/przykladowe projekty/PrOb_proj3/venv/Lib/site-packages/pygame/tests/run_tests__tests/all_ok,Paczka II sem. 21_22/Programowanie Obiektowe/przykladowe projekty/PrOb_proj3/venv/Lib/site-packages/pygame/tests/run_tests__tests/infinite_loop,2,3,2,1.0000,0.6667,6,3
Paczka II sem. 21_22/Programowanie Obiektowe/przykladowe projekty/PrOb_proj3/venv/Lib/site-packages/pygame/tests/run_tests__tests/all_ok,Paczka II sem. 21_22/Programowanie Obiektowe/przykladowe projekty/PrOb_proj3/venv/Lib/site-packages/pygame/tests/run_tests__tests/print_stderr,2,4,2,1.0000,0.5000,6,4
Paczka II sem. 21_22/Programowanie Obiektowe/przykladowe projekty/PrOb_proj3/venv/Lib/site-packages/pygame/tests/run_tests__tests/all_ok,Paczka II sem. 21_22/Programowanie Obiektowe/przykladowe projekty/PrOb_proj3/venv/Lib/site-packages/pygame/tests/run_tests__tests/print_stdout,2,4,2,1.0000,0.5000,6,4
Paczka II sem. 21_22/Programowanie Obiektowe/przykladowe projekty/PrOb_proj3/venv/Lib/site-packages/pygame/tests/run_tests__tests/all_ok,Paczka II sem. 21_22/Programowanie Obiektowe/przykladowe projekty/PrOb_proj3/venv/Lib/site-packages/pygame/tests/run_tests__tests/timeout,2,3,2,1.0000,0.6667,6,3
Paczka II sem. 21_22/Programowanie Obiektowe/przykladowe projekty/PrOb_proj3/venv/Lib/site-packages/pygame/tests/run_tests__tests/failures1,Paczka II sem. 21_22/Programowanie Obiektowe/przykladowe projekty/PrOb_proj3/venv/Lib/site-packages/pygame/tests/run_tests__tests/incomplete,2,3,2,1.0000,0.6667,2,3
Paczka II sem. 21_22/Programowanie Obiektowe/przykladowe projekty/PrOb_proj3/venv/Lib/site-packages/pygame/tests/run_tests__tests/failures1,Paczka II sem. 21_22/Programowanie Obiektowe/przykladowe projekty/PrOb_proj3/venv/Lib/site-packages/pygame/tests/run_tests__tests/incomplete_todo,2,3,2,1.0000,0.6667,2,3
Paczka II sem. 21_22/Programowanie Obiektowe/przykladowe projekty/PrOb_proj3/venv/Lib/site-packages/pygame/tests/run_tests__tests/failures1,Paczka II sem. 21_22/Programowanie Obiektowe/przykladowe projekty/PrOb_proj3/venv/Lib/site-packages/pygame/tests/run_tests__tests/infinite_loop,2,3,2,1.0000,0.6667,2,3
Paczka II sem. 21_22/Programowanie Obiektowe/przykladowe projekty/PrOb_proj3/venv/Lib/site-packages/pygame/tests/run_tests__tests/failures1,Paczka II sem. 21_22/Programowanie Obiektowe/przykladowe projekty/PrOb_proj3/venv/Lib/site-packages/pygame/tests/run_tests__tests/print_stderr,2,4,2,1.0000,0.5000,2,4
Paczka II sem. 21_22/Programowanie Obiektowe/przykladowe projekty/PrOb_proj3/venv/Lib/site-packages/pygame/tests/run_tests__tests/failures1,Paczka II sem. 21_22/Programowanie Obiektowe/przykladowe projekty/PrOb_proj3/venv/Lib/site-packages/pygame/tests/run_tests__tests/print_stdout,2,4,2,1.0000,0.5000,2,4
Paczka II sem. 21_22/Programowanie Obiektowe/przykladowe projekty/PrOb_proj3/venv/Lib/site-packages/pygame/tests/run_tests__tests/failures1,Paczka II sem. 21_22/Programowanie Obiektowe/przykladowe projekty/PrOb_proj3/venv/Lib/site-packages/pygame/tests/run_tests__tests/timeout,2,3,2,1.0000,0.6667,2,3
Paczka II sem. 21_22/Programowanie Obiektowe/przykladowe projekty/stare (nie wszystkie działają)/zestaw 2/Projekt Java/VirtualWorld,Paczka II sem. 21_22/Programowanie Obiektowe/przykladowe projekty/stare (nie wszystkie działają)/zestaw 2/Projekt Java/VirtualWorld - Kopia,35,2,2,1.0000,0.0571,35,2
Paczka II sem. 21_22/Programowanie Obiektowe/przykladowe projekty/stare (nie wszystkie działają)/zestaw 2/Projekt Java/VirtualWorld - Kopia,Paczki INFA/Paczka 2 sem. 23_24/Podstawy Elektroniki i Metrologii/Programowanie Obiektowe/przykladowe projekty/stare (nie wszystkie działają)/zestaw 2/Projekt Java/VirtualWorld,2,32,2,1.0000,0.0625,2,32
Paczka II sem. 21_22/Programowanie Obiektowe/przykladowe projekty/stare (nie wszystkie działają)/zestaw 2/Projekt Java/VirtualWorld/nbproject,Paczki INFA/Paczka 2 sem. 23_24/Podstawy Elektroniki i Metrologii/Programowanie Obiektowe/przykladowe projekty/stare (nie wszystkie działają)/zestaw 2/Projekt Java/VirtualWorld/nbproject,5,2,2,1.0000,0.4000,5,2
Paczka II sem. 21_22/Układy Cyfrowe/2020/UC/inne laby,SEM2/UC_Układy_Cyfrowe/laboratoria/różne_symulacje/falstadt,26,2,2,1.0000,0.0769,26,2
Paczka II sem. 21_22/Układy Cyfrowe/UC kolo,Paczki Infa/2 SEM/(UC) Układy Cyfrowe/Kolosy/2015,8,2,2,1.0000,0.2500,8,2
Paczka II sem. 21_22/Układy Cyfrowe/gotowce/MEGAPAKA/06. Liczniki scalone/lab 6/EW/EW/MODELS/SUBCKTS,Paczka II sem. 21_22/Układy Cyfrowe/gotowce/MEGAPAKA/lab 6/EW/EW/MODELS/SUBCKTS,2,6,2,1.0000,0.3333,2,6
Paczka II sem. 21_22/Układy Cyfrowe/gotowce/MEGAPAKA/4,Paczki INFA/Paczka 2 sem. 23_24/Układy Cyfrowe/gotowce/MEGAPAKA/4,3,2,2,1.0000,0.6667,3,2
Paczka II sem. 21_22/Układy Cyfrowe/gotowce/UC laborki/5/wykrywanie sekwencji 0011 - zad5,Paczki INFA/Paczka 2 sem. 23_24/Podstawy Elektroniki i Metrologii/Układy Cyfrowe/gotowce/UC laborki/5/wykrywanie sekwencji 0011 - zad5,3,2,2,1.0000,0.6667,3,2
Paczki INFA/Paczka 2 sem. 23_24/Algorytmy i Struktury Danych/Matematyka Dyskretna,SEM2/MD_Matematyka_Dyskretna/opracowania,133,2,2,1.0000,0.0150,141,2
Paczki INFA/Paczka 2 sem. 23_24/Podstawy Elektroniki i Metrologii/2024peim,SEM2/PEiM_Podstawy_Elektroniki_i_Metrologii/laboratoria/metrologia/01,24,2,2,1.0000,0.0833,24,2
Paczki INFA/Paczka 2 sem. 23_24/Podstawy Elektroniki i Metrologii/2024peim,SEM2/PEiM_Podstawy_Elektroniki_i_Metrologii/laboratoria/metrologia/04,24,2,2,1.0000,0.0833,24,2
Paczki INFA/Paczka 2 sem. 23_24/Podstawy Elektroniki i Metrologii/Układy Cyfrowe/Kolosy,Paczki Infa/2 SEM/(UC) Układy Cyfrowe/Kolosy/2015,9,2,2,1.0000,0.2222,9,2
Paczki INFA/Paczka 2 sem. 23_24/Układy Cyfrowe/2020/UC/inne laby,SEM2/UC_Układy_Cyfrowe/laboratoria/różne_symulacje/falstadt,13,2,2,1.0000,0.1538,13,2
Paczki INFA/Paczka 3 sem. 23_24/(AKO) Architektura komputerów/ako2024/druk_must_have,Paczki INFA/Paczka 3 sem. 23_24/(AKO) Architektura komputerów/stara_paka/Ćwiczenia/Pomoce,2,6,2,1.0000,0.3333,2,6
Paczki INFA/Paczka 3 sem. 23_24/(AKO) Architektura komputerów/stara_paka/Stara paczka/AKO - grupa/Ćwiczenia/Zadania z ćwiczeń/zadania od AJ przykładowe niby z ćwiczeń,Paczki INFA/Paczka 3 sem. 23_24/(AKO) Architektura komputerów/stara_paka/Stara paczka/Ćwiczenia/2017 i wcześniej/Zadania/zadania od AJ przykładowe niby z ćwiczeń,2,7,2,1.0000,0.2857,2,7
Paczki INFA/Paczka 3 sem. 23_24/(AKO) Architektura komputerów/stara_paka/Stara paczka/Laby/2019/lab_2,Paczki Infa/3 SEM/Stare Paczki/Paczka III sem. 21_22/Architektura Komputerów/Laby/2019/lab_2,2,159,2,1.0000,0.0126,2,174
Paczki INFA/Paczka 3 sem. 23_24/(AKO) Architektura komputerów/stara_paka/Stara paczka/Laby/2019/lab_2,Paczki Infa/3 SEM/Stare Paczki/Semestr 3 paczka/Architektura Komputerów/Laby/2019/lab_2,2,159,2,1.0000,0.0126,2,174
Paczki INFA/Paczka 3 sem. 23_24/(AKO) Architektura komputerów/stara_paka/Stara paczka/Notatki/Notatki AK,Paczki Infa/3 SEM/(AKO) Architektura Komputerów/Stara paczka/Notatki/Notatki AK,2,3,2,1.0000,0.6667,2,3
Paczki INFA/Paczka 3 sem. 23_24/(AKO) Architektura komputerów/stara_paka/Stara paczka/Ćwiczenia/2017 i wcześniej/Zadania/Dziubich_ćw_wyswietl128,Paczki INFA/Paczka 3 sem. 23_24/(AKO) Architektura komputerów/stara_paka/Stara paczka/Ćwiczenia/2017 i wcześniej/Zadania/Zadania z ćwiczeń 2013/7 i 8,3,2,2,1.0000,0.6667,3,2
Paczki INFA/Paczka 3 sem. 23_24/(AKO) Architektura komputerów/stara_paka/Stara paczka/Ćwiczenia/2017 i wcześniej/Zadania/Zadania z ćwiczeń 2014/liczba_128,Paczki INFA/Paczka 3 sem. 23_24/(AKO) Architektura komputerów/stara_paka/Stara paczka/Ćwiczenia/2017 i wcześniej/Zadania/zadania od AJ przykładowe niby z ćwiczeń/liczba_128,2,3,2,1.0000,0.6667,2,3
Paczki INFA/Paczka 3 sem. 23_24/(JPR) Języki programowania/Projekty/4-Prolog/Przykład 1,Paczki INFA/Paczka 3 sem. 23_24/(JPR) Języki programowania/Projekty/Prolog,2,17,2,1.0000,0.1176,2,17
Paczki INFA/Paczka 3 sem. 23_24/(JPR) Języki programowania/Stara paczka/Projekt/ZESTAW 1/1. Ada/Przykładowe Projekty,Paczki INFA/Paczka 3 sem. 23_24/(JPR) Języki programowania/Stara paczka/Projekt/ZESTAW 4 (2018)/Ada,11,2,2,1.0000,0.1818,14,3
Paczki INFA/Paczka 3 sem. 23_24/(JPR) Języki programowania/Stara paczka/Projekt/Zestaw 5 (2019)/Smalltalk,Paczki Infa/3 SEM/Stare Paczki/Semestr 3 paczka/Języki Programowania/Projekt/Zestaw 5 (2019)/Smalltalk,2,2,2,1.0000,1.0000,2,2
Paczki INFA/Paczka 3 sem. 23_24/(JPR) Języki programowania/Wykłady/Egzamin,Paczki Infa/3 SEM/(JP) Języki Programowania/Wykłady/Egzamin,4,2,2,1.0000,0.5000,4,2
Paczki INFA/Paczka 3 sem. 23_24/(MII) Multimedia i Interfejsy/Stara Paczka/Laby/lab2,Paczki Infa/3 SEM/(MII) Multimedia i Interfejsy/Stara Paczka/Laby/lab2,2,3,2,1.0000,0.6667,2,3
Paczki Infa/3 SEM/(PAA) Podstawy Analizy Algorytmów/Opracowania/ProgramGrafujący,Paczki Infa/3 SEM/Stare Paczki/PAAczka,2,51,2,1.0000,0.0392,2,51
Paczki Infa/3 SEM/(PAA) Podstawy Analizy Algorytmów/Opracowania/ProgramGrafujący,Paczki Infa/3 SEM/Stare Paczki/Paczka III sem. 21_22/Podstawy Analizy Algorytmów/PAAczka,2,47,2,1.0000,0.0426,2,47
Paczki Infa/4 SEM - broken/(PT) Platformy Technologiczne/Stara Paczka,Paczki Infa/4 SEM/(PT) Platformy Technologiczne/Stara Paczka,2,362,2,1.0000,0.0055,2,388
Paczki Infa/4 SEM - broken/(PT) Platformy Technologiczne/Stara Paczka,Paczki Infa/4 SEM/(PT) Platformy Technologiczne/Wykłady/Slajdy/Slajdy-(przed-2024),2,34,2,1.0000,0.0588,2,35
Paczki Infa/4 SEM/(MPwI) Metody Probabilistyczne w Informatyce/Stara Paczka/Opracowanka,Paczki Infa/4 SEM/Stare Paczki/Paczka IV sem/Metody Probabilistyczne w Informatyce/Opracowanka,4,2,2,1.0000,0.5000,4,2
Paczki Infa/4 SEM/(SI) Sztuczna Inteligencja/Laby/Lab01/Przykładowe rozwiązania/Przykład 3,Paczki Infa/4 SEM/(SI) Sztuczna Inteligencja/Laby/Lab01/Przykładowe rozwiązania/Przykład 4,2,4,2,1.0000,0.5000,2,4
Paczki Infa/4 SEM/Stare Paczki/Paczka IV sem/Systemy Wbudowane i Mikroprocesory/Labki/Materiały (zgrane 2016-03-30 z komp. laboratoryjnego)/Czesc_1_PIC18F4520/cw1/include,Paczki Infa/4 SEM/Stare Paczki/Paczka IV sem/Systemy Wbudowane i Mikroprocesory/Labki/PIC/headers,2,6,2,1.0000,0.3333,2,6
Paczki Infa/3 SEM/Stare Paczki/Semestr 3 paczka,Semestr 3 paczka,3352,3352,3349,0.9991,0.9982,3597,3597
Paczki Infa/3 SEM/Stare Paczki/Paczka III sem. 21_22/Architektura Komputerów/Ćwiczenia,Paczki Infa/3 SEM/Stare Paczki/Semestr 3 paczka/Architektura Komputerów/Ćwiczenia,836,823,822,0.9988,0.9821,925,911
Paczki INFA/Paczka 3 sem. 23_24/(AKO) Architektura komputerów/stara_paka,Paczki Infa/3 SEM/(AKO) Architektura Komputerów,1587,1658,1585,0.9987,0.9548,1806,1878
Paczki Infa/3 SEM/(AKO) Architektura Komputerów/Stara paczka,Paczki Infa/3 SEM/Stare Paczki/Paczka III sem. 21_22/Architektura Komputerów,1484,2388,1482,0.9987,0.6201,1701,2654
Paczka II sem. 21_22/Programowanie Obiektowe/przykladowe projekty,Paczki INFA/Paczka 2 sem. 23_24/Podstawy Elektroniki i Metrologii/Programowanie Obiektowe/przykladowe projekty,832,753,752,0.9987,0.9028,875,794
Paczka II sem. 21_22/Programowanie Obiektowe/przykladowe projekty,Paczki INFA/Paczka 2 sem. 23_24/Programowanie Obiektowe/przykladowe projekty,832,751,750,0.9987,0.9004,875,792
Paczki INFA/Paczka 2 sem. 23_24/Podstawy Elektroniki i Metrologii/Programowanie Obiektowe/przykladowe projekty,Paczki INFA/Paczka 2 sem. 23_24/Programowanie Obiektowe/przykladowe projekty,753,751,750,0.9987,0.9947,794,792
Paczki INFA/Paczka 3 sem. 23_24/(AKO) Architektura komputerów/stara_paka/Stara paczka,Paczki Infa/3 SEM/(AKO) Architektura Komputerów/Stara paczka,1413,1484,1411,0.9986,0.9495,1629,1701
Paczki INFA/Paczka 3 sem. 23_24/(AKO) Architektura komputerów/stara_paka/Stara paczka,Paczki Infa/3 SEM/Stare Paczki/Paczka III sem. 21_22/Architektura Komputerów,1413,2388,1411,0.9986,0.5904,1629,2654
Paczki INFA/Paczka 2 sem. 23_24/Podstawy Elektroniki i Metrologii/Programowanie Obiektowe,Paczki INFA/Paczka 2 sem. 23_24/Programowanie Obiektowe,1322,1304,1302,0.9985,0.9834,1381,1363
Paczka II sem. 21_22/Programowanie Obiektowe/przykladowe projekty/PrOb_proj3,Paczki INFA/Paczka 2 sem. 23_24/Podstawy Elektroniki i Metrologii/Programowanie Obiektowe/przykladowe projekty/PrOb_proj3,446,382,381,0.9974,0.8523,477,411
Paczki INFA/Paczka 3 sem. 23_24/(AKO) Architektura komputerów/stara_paka/Stara paczka/Ćwiczenia,Paczki Infa/3 SEM/Stare Paczki/Paczka III sem. 21_22/Architektura Komputerów/Ćwiczenia,703,836,701,0.9972,0.8365,794,925
Paczki Infa/3 SEM/Stare Paczki/Paczka III sem. 21_22/Fizyka Współczesna,Paczki Infa/3 SEM/Stare Paczki/Semestr 3 paczka/Fizyka Współczesna,340,337,336,0.9970,0.9853,344,341
Paczka II sem. 21_22/Programowanie Obiektowe/przykladowe projekty/PrOb_proj3/venv,Paczki INFA/Paczka 2 sem. 23_24/Podstawy Elektroniki i Metrologii/Programowanie Obiektowe/przykladowe projekty/PrOb_proj3/venv,369,305,304,0.9967,0.8216,399,333
Paczki INFA/Paczka 3 sem. 23_24/(AKO) Architektura komputerów/stara_paka/Stara paczka/Laby,Paczki Infa/3 SEM/Stare Paczki/Paczka III sem. 21_22/Architektura Komputerów/Laby,286,1057,285,0.9965,0.2694,348,1170
Paczki Infa/3 SEM/(GK) Grafika Komputerowa,Paczki Infa/3 SEM/Stare Paczki/Semestr 3 paczka/Grafika Komputerowa,289,283,282,0.9965,0.9724,292,286
Paczka II sem. 21_22/Programowanie Obiektowe/przykladowe projekty/PrOb_proj3/venv/Lib,Paczki INFA/Paczka 2 sem. 23_24/Podstawy Elektroniki i Metrologii/Programowanie Obiektowe/przykladowe projekty/PrOb_proj3/venv/Lib,327,272,271,0.9963,0.8262,356,300
Paczka II sem. 21_22/Programowanie Obiektowe/przykladowe projekty/PrOb_proj3/venv/Lib/site-packages,Paczki INFA/Paczka 2 sem. 23_24/Podstawy Elektroniki i Metrologii/Programowanie Obiektowe/przykladowe projekty/PrOb_proj3/venv/Lib/site-packages,326,271,270,0.9963,0.8257,355,299
Paczki INFA/Paczka 3 sem. 23_24/(AKO) Architektura komputerów/stara_paka/Stara paczka/Ćwiczenia/2018,Paczki Infa/3 SEM/Stare Paczki/Paczka III sem. 21_22/Architektura Komputerów/Ćwiczenia/2018,461,594,459,0.9957,0.7701,521,652
Paczki Infa/3 SEM/Stare Paczki/Paczka III sem. 21_22/Podstawy Analizy Algorytmów,Paczki Infa/3 SEM/Stare Paczki/Semestr 3 paczka/Podstawy Analizy Algorytmów,274,212,211,0.9953,0.7673,295,231
Paczki INFA/Paczka 3 sem. 23_24/(AKO) Architektura komputerów/stara_paka/Stara paczka/Ćwiczenia/2018/kolokwium2,Paczki Infa/3 SEM/Stare Paczki/Paczka III sem. 21_22/Architektura Komputerów/Ćwiczenia/2018/kolokwium2,421,554,419,0.9952,0.7536,477,608
Paczki INFA/Paczka 2 sem. 23_24/Podstawy Elektroniki i Metrologii/Systemy Operacyjne,Paczki INFA/Paczka 2 sem. 23_24/Systemy Operacyjne,203,202,201,0.9950,0.9853,208,207
Paczki INFA/Paczka 3 sem. 23_24/(FW) Fizyka współczesna/Laby,Paczki Infa/3 SEM/Stare Paczki/Paczka III sem. 21_22/Fizyka Współczesna/Laby,210,199,198,0.9950,0.9384,214,203
Paczki Infa/3 SEM/(FW) Fizyka Współczesna/Laby,Paczki Infa/3 SEM/Stare Paczki/Paczka III sem. 21_22/Fizyka Współczesna/Laby,199,199,198,0.9950,0.9900,203,203
Paczki Infa/3 SEM/Stare Paczki/Paczka III sem. 21_22/Architektura Komputerów/Laby/2019/lab_4,Paczki Infa/3 SEM/Stare Paczki/Semestr 3 paczka/Architektura Komputerów/Laby/2019/lab_4,191,191,190,0.9948,0.9896,199,199
Paczki Infa/3 SEM/Stare Paczki/Paczka III sem. 21_22/Architektura Komputerów/Laby/2019/lab_5,Paczki Infa/3 SEM/Stare Paczki/Semestr 3 paczka/Architektura Komputerów/Laby/2019/lab_5,188,188,187,0.9947,0.9894,196,196
Paczka II sem. 21_22/Systemy Operacyjne,Paczki INFA/Paczka 2 sem. 23_24/Podstawy Elektroniki i Metrologii/Systemy Operacyjne,182,203,181,0.9945,0.8873,183,208
Paczka II sem. 21_22/Programowanie Obiektowe/przykladowe projekty/PrOb_proj3/venv/Lib/site-packages/pygame,Paczki INFA/Paczka 2 sem. 23_24/Podstawy Elektroniki i Metrologii/Programowanie Obiektowe/przykladowe projekty/PrOb_proj3/venv/Lib/site-packages/pygame,226,180,179,0.9944,0.7885,250,204
Paczki Infa/3 SEM/(FW) Fizyka Współczesna,Paczki Infa/3 SEM/Stare Paczki,338,3712,336,0.9941,0.0905,342,7816
Paczki Infa/3 SEM/Stare Paczki/Paczka III sem. 21_22/Architektura Komputerów/Laby/2019/lab_2,Paczki Infa/3 SEM/Stare Paczki/Semestr 3 paczka/Architektura Komputerów/Laby/2019/lab_2,159,159,158,0.9937,0.9875,174,174
Paczki INFA/Paczka 1 sem. 23_24,Paczki Infa/1 SEM,841,843,835,0.9929,0.9835,890,892
Paczki Infa/3 SEM/Stare Paczki/Paczka III sem. 21_22/Grafika Komputerowa,Paczki Infa/3 SEM/Stare Paczki/Semestr 3 paczka/Grafika Komputerowa,285,283,281,0.9929,0.9791,293,286
Paczki INFA/Paczka 3 sem. 23_24/(AKO) Architektura komputerów/stara_paka/Stara paczka,Paczki Infa/3 SEM/(AKO) Architektura Komputerów/Stara paczka/AKO - grupa,1413,131,130,0.9924,0.0919,1629,131
Paczki INFA/Paczka 3 sem. 23_24/(AKO) Architektura komputerów/stara_paka/Stara paczka,Paczki Infa/3 SEM/Stare Paczki/Paczka III sem. 21_22/Architektura Komputerów/AKO - grupa,1413,131,130,0.9924,0.0919,1629,131
Paczki INFA/Paczka 1 sem. 23_24/(PP) Podstawy Programowania,Paczki Infa/1 SEM/(PP) Podstawy Programowania,129,129,128,0.9922,0.9846,153,153
Paczki Infa/3 SEM/Stare Paczki/Paczka III sem. 21_22/Bazy Danych,Paczki Infa/3 SEM/Stare Paczki/Semestr 3 paczka/Bazy Danych,122,121,120,0.9917,0.9756,132,126
Paczki Infa/3 SEM/(FW) Fizyka Współczesna,Paczki Infa/3 SEM/Stare Paczki/Paczka III sem. 21_22/Fizyka Współczesna,338,340,335,0.9911,0.9767,342,344
Paczki INFA/Paczka 3 sem. 23_24/(AKO) Architektura komputerów/stara_paka/Stara paczka/Ćwiczenia/2018/kolokwium2/AKO 23 zadania,Paczki Infa/3 SEM/Stare Paczki/Paczka III sem. 21_22/Architektura Komputerów/Ćwiczenia/2018/kolokwium2/AKO 23 zadania,223,356,221,0.9910,0.6173,265,396
Paczka I sem.,Paczka I sem. 22_23,303,689,300,0.9901,0.4335,328,728
Paczki INFA/Paczka 2 sem. 23_24/Podstawy Elektroniki i Metrologii/Układy Cyfrowe,Paczki Infa/2 SEM,1005,3638,995,0.9900,0.2728,1278,4126
Paczki INFA/Paczka 2 sem. 23_24/Podstawy Elektroniki i Metrologii/Programowanie Obiektowe/laborki,Paczki INFA/Paczka 2 sem. 23_24/Programowanie Obiektowe/laborki,208,200,198,0.9900,0.9429,212,204
Paczki INFA/Paczka 2 sem. 23_24/Układy Cyfrowe,Paczki Infa/2 SEM,964,3638,954,0.9896,0.2615,1236,4126
Paczki Infa/4 SEM/(PT) Platformy Technologiczne/Stara Paczka/Egzamin,Paczki Infa/4 SEM/(PT) Platformy Technologiczne/Wykłady/Egzamin/stara-forma,92,93,91,0.9891,0.9681,99,100
Paczki Infa/3 SEM/Stare Paczki/Paczka III sem. 21_22,Paczki Infa/3 SEM/Stare Paczki/Semestr 3 paczka,3671,3352,3315,0.9890,0.8940,4015,3597
Paczki Infa/3 SEM/Stare Paczki/Paczka III sem. 21_22,Semestr 3 paczka,3671,3352,3315,0.9890,0.8940,4015,3597
Paczka II sem. 21_22/Systemy Operacyjne,Paczki INFA/Paczka 2 sem. 23_24/Systemy Operacyjne,182,202,180,0.9890,0.8824,183,207
Paczka II sem. 21_22/Programowanie Obiektowe/przykladowe projekty/PrOb_proj3/venv/Lib/site-packages/pip-9.0.3-py3.6.egg,Paczki INFA/Paczka 2 sem. 23_24/Podstawy Elektroniki i Metrologii/Programowanie Obiektowe/przykladowe projekty/PrOb_proj3/venv/Lib/site-packages/pip-9.0.3-py3.6.egg,95,87,86,0.9885,0.8958,98,89
Paczki INFA/Paczka 1 sem. 23_24/(HiH) Hipertekst i Hipermedia,Paczki Infa/1 SEM/(HiH) Hipertekst i Hipermedia,87,87,86,0.9885,0.9773,88,88
Paczki INFA/Paczka 3 sem. 23_24/(FW) Fizyka współczesna,Paczki Infa/3 SEM/Stare Paczki/Paczka III sem. 21_22/Fizyka Współczesna,384,340,336,0.9882,0.8660,388,344
Paczki Infa/3 SEM/(FW) Fizyka Współczesna,Paczki Infa/3 SEM/Stare Paczki/Semestr 3 paczka/Fizyka Współczesna,338,337,333,0.9881,0.9737,342,341
Paczka II sem. 21_22/Programowanie Obiektowe/przykladowe projekty/PrOb_proj3/venv/Lib/site-packages/pip-9.0.3-py3.6.egg/pip,Paczki INFA/Paczka 2 sem. 23_24/Podstawy Elektroniki i Metrologii/Programowanie Obiektowe/przykladowe projekty/PrOb_proj3/venv/Lib/site-packages/pip-9.0.3-py3.6.egg/pip,89,81,80,0.9877,0.8889,92,83
Paczki Infa/3 SEM/(MII) Multimedia i Interfejsy/Stara Paczka,Paczki Infa/3 SEM/Stare Paczki/Semestr 3 paczka/Multimedia i Interfejsy,82,81,80,0.9877,0.9639,83,82
Paczki INFA/Paczka 2 sem. 23_24/Podstawy Elektroniki i Metrologii/Programowanie Obiektowe,Paczki Infa/2 SEM,1322,3638,1305,0.9871,0.3570,1381,4126
Paczki INFA/Paczka 2 sem. 23_24/Programowanie Obiektowe,Paczki Infa/2 SEM,1304,3638,1287,0.9870,0.3521,1363,4126
Paczka II sem. 21_22/Programowanie Obiektowe/przykladowe projekty/PrOb_proj3/venv/Lib/site-packages/pygame/examples,Paczki INFA/Paczka 2 sem. 23_24/Podstawy Elektroniki i Metrologii/Programowanie Obiektowe/przykladowe projekty/PrOb_proj3/venv/Lib/site-packages/pygame/examples,89,76,75,0.9868,0.8333,89,76
Paczki Infa/3 SEM/(PAA) Podstawy Analizy Algorytmów/Egzamin/Stare,Paczki Infa/3 SEM/Stare Paczki/Paczka III sem. 21_22/Podstawy Analizy Algorytmów,73,274,72,0.9863,0.2618,80,295
Paczki Infa/3 SEM/(PAA) Podstawy Analizy Algorytmów/Egzamin/Stare,Paczki Infa/3 SEM/Stare Paczki/Semestr 3 paczka/Podstawy Analizy Algorytmów,73,212,72,0.9863,0.3380,80,231
Paczki Infa/3 SEM/(GK) Grafika Komputerowa,Paczki Infa/3 SEM/Stare Paczki/Paczka III sem. 21_22/Grafika Komputerowa,289,285,281,0.9860,0.9590,292,293
Paczka II sem. 21_22/Programowanie Obiektowe/przykladowe projekty/PrOb_proj3/venv/Lib/site-packages/pip-9.0.3-py3.6.egg/pip/_vendor,Paczki INFA/Paczka 2 sem. 23_24/Podstawy Elektroniki i Metrologii/Programowanie Obiektowe/przykladowe projekty/PrOb_proj3/venv/Lib/site-packages/pip-9.0.3-py3.6.egg/pip/_vendor,78,70,69,0.9857,0.8734,81,72
Paczki Infa/3 SEM/Stare Paczki/Paczka III sem. 21_22/Architektura Komputerów,Paczki Infa/3 SEM/Stare Paczki/Semestr 3 paczka/Architektura Komputerów,2388,2087,2057,0.9856,0.8507,2654,2237
Paczki INFA/Paczka 2 sem. 23_24/Podstawy Elektroniki i Metrologii/Programowanie Obiektowe/laborki,Paczki Infa/2 SEM,208,3638,205,0.9856,0.0563,212,4126
Paczki INFA/Paczka 3 sem. 23_24/(MII) Multimedia i Interfejsy,Paczki Infa/3 SEM/(MII) Multimedia i Interfejsy,194,139,137,0.9856,0.6990,198,141
Paczki INFA/Paczka 3 sem. 23_24/(FW) Fizyka współczesna,Paczki Infa/3 SEM/(FW) Fizyka Współczesna,384,338,333,0.9852,0.8560,388,342
Paczki INFA/Paczka 2 sem. 23_24/Programowanie Obiektowe/laborki,Paczki Infa/2 SEM,200,3638,197,0.9850,0.0541,204,4126
Paczki INFA/Paczka 2 sem. 23_24/Podstawy Elektroniki i Metrologii/Podstawy Elektroniki i Metrologii/Elektronika,Paczki Infa/2 SEM,63,3638,62,0.9841,0.0170,63,4126
Paczki Infa/3 SEM/(BD) Bazy Danych/Projekty,Paczki Infa/3 SEM/Stare Paczki/Paczka III sem. 21_22/Bazy Danych/Projekt,63,63,62,0.9841,0.9688,67,72
Paczki INFA/Paczka 3 sem. 23_24/(BD) Bazy Danych/Projekty,Paczki Infa/3 SEM/(BD) Bazy Danych/Projekty,62,63,61,0.9839,0.9531,66,67
Paczki INFA/Paczka 3 sem. 23_24/(BD) Bazy Danych/Projekty,Paczki Infa/3 SEM/Stare Paczki/Paczka III sem. 21_22/Bazy Danych/Projekt,62,63,61,0.9839,0.9531,66,72
Paczki INFA/Paczka 3 sem. 23_24/(BD) Bazy Danych,Paczki Infa/3 SEM/(BD) Bazy Danych,758,121,119,0.9835,0.1566,770,126
Paczki INFA/Paczka 2 sem. 23_24/Podstawy Elektroniki i Metrologii/Elektronika,Paczki Infa/2 SEM,60,3638,59,0.9833,0.0162,60,4126
Paczka I sem. 22_23/Wytwarzanie Aplikacji Internetowych/Egzaminy,Paczki INFA/Paczka 1 sem. 23_24/(WAI) Wytwarzania Aplikacji Internetowych/Egzamin,110,117,108,0.9818,0.9076,123,130
Paczki INFA/Paczka 2 sem. 23_24/Algorytmy i Struktury Danych/Lab,Paczki Infa/2 SEM/(AiSD) Algorytmy i Struktury Danych,52,74,51,0.9808,0.6800,52,74
Paczki INFA/Paczka 1 sem. 23_24/(HDMI) Humanistyka dla Inżynierów,Paczki Infa/1 SEM/(HDMI) Humanistyka dla Inżynierów,48,48,47,0.9792,0.9592,49,49
Paczki INFA/Paczka 3 sem. 23_24/(AKO) Architektura komputerów/stara_paka/Stara paczka/Ćwiczenia,Paczki Infa/3 SEM/Stare Paczki/Semestr 3 paczka/Architektura Komputerów/Ćwiczenia,703,823,688,0.9787,0.8210,794,911
Paczka II sem. 21_22/Programowanie Obiektowe,Paczki INFA/Paczka 2 sem. 23_24/Podstawy Elektroniki i Metrologii/Programowanie Obiektowe,1394,1322,1293,0.9781,0.9086,1453,1381
Paczka II sem. 21_22/Programowanie Obiektowe,Paczki INFA/Paczka 2 sem. 23_24/Programowanie Obiektowe,1394,1304,1275,0.9778,0.8960,1453,1363
Paczki INFA/Paczka 3 sem. 23_24/(MII) Multimedia i Interfejsy/Wykłady,Paczki Infa/3 SEM/(MII) Multimedia i Interfejsy/Wykłady,43,43,42,0.9767,0.9545,44,43
Paczka II sem. 21_22/Programowanie Obiektowe/Programowanie,Paczki INFA/Paczka 2 sem. 23_24/Podstawy Elektroniki i Metrologii/Programowanie Obiektowe/Programowanie,44,42,41,0.9762,0.9111,45,43
Paczki Infa/4 SEM/(SI) Sztuczna Inteligencja/Stara Paczka/Lab,Paczki Infa/4 SEM/Stare Paczki/Paczka IV sem/Sztuczna Inteligencja/Lab,207,209,202,0.9758,0.9439,244,246
Paczki INFA/Paczka 3 sem. 23_24/(AKO) Architektura komputerów/stara_paka/Stara paczka/Egzamin,Paczki Infa/3 SEM/Stare Paczki/Semestr 3 paczka/Architektura Komputerów/Egzamin,87,82,80,0.9756,0.8989,90,85
Paczki Infa/3 SEM/(FW) Fizyka Współczesna/Kolokwium,Paczki Infa/3 SEM/Stare Paczki/Paczka III sem. 21_22/Fizyka Współczesna/Kolokwium,82,84,80,0.9756,0.9302,82,84
Paczki INFA/Paczka 3 sem. 23_24/(MII) Multimedia i Interfejsy/Stara Paczka,Paczki Infa/3 SEM/Stare Paczki/Semestr 3 paczka/Multimedia i Interfejsy,81,81,79,0.9753,0.9518,82,82
Paczka II sem. 21_22/Programowanie Obiektowe/laborki/Laborki 2019,Paczki INFA/Paczka 2 sem. 23_24/Podstawy Elektroniki i Metrologii/Programowanie Obiektowe/laborki/Laborki 2019,83,80,78,0.9750,0.9176,85,82
Paczka I sem. 22_23/Wytwarzanie Aplikacji Internetowych,Paczka I sem./Wytwarzanie Aplikacji Internetowych,141,38,37,0.9737,0.2606,154,38
Paczki Infa/3 SEM/Stare Paczki/Paczka III sem. 21_22/Architektura Komputerów/Laby,Paczki Infa/3 SEM/Stare Paczki/Semestr 3 paczka/Architektura Komputerów/Laby,1057,1016,989,0.9734,0.9124,1170,1070
Paczki Infa/3 SEM/(GK) Grafika Komputerowa/Laby,Paczki Infa/3 SEM/Stare Paczki/Paczka III sem. 21_22/Grafika Komputerowa/Laby,37,39,36,0.9730,0.9000,40,42
Paczki Infa/3 SEM/(PAA) Podstawy Analizy Algorytmów/Egzamin/Stare,Paczki Infa/3 SEM/Stare Paczki/Paczka III sem. 21_22/Podstawy Analizy Algorytmów/Kolokwia,73,155,71,0.9726,0.4522,80,175
Paczki Infa/3 SEM/(PAA) Podstawy Analizy Algorytmów/Egzamin/Stare,Paczki Infa/3 SEM/Stare Paczki/Semestr 3 paczka/Podstawy Analizy Algorytmów/Kolokwia,73,144,71,0.9726,0.4863,80,163
Paczki INFA/Paczka 3 sem. 23_24/(AKO) Architektura komputerów/stara_paka/Stara paczka/Egzamin/teoria,Paczki Infa/3 SEM/Stare Paczki/Semestr 3 paczka/Architektura Komputerów/Egzamin/teoria,41,36,35,0.9722,0.8333,44,39
Paczki INFA/Paczka 3 sem. 23_24/(AKO) Architektura komputerów/stara_paka/Stara paczka/Egzamin/praktyka,Paczki Infa/3 SEM/Stare Paczki/Semestr 3 paczka/Architektura Komputerów/Egzamin/praktyka,35,35,34,0.9714,0.9444,35,35
Paczka II sem. 21_22/Programowanie Obiektowe/Programowanie,Paczki INFA/Paczka 2 sem. 23_24/Programowanie Obiektowe/Programowanie,44,34,33,0.9706,0.7333,45,35
Paczki INFA/Paczka 2 sem. 23_24/Podstawy Elektroniki i Metrologii/Programowanie Obiektowe/Programowanie,Paczki INFA/Paczka 2 sem. 23_24/Programowanie Obiektowe/Programowanie,42,34,33,0.9706,0.7674,43,35
Paczka II sem. 21_22/Programowanie Obiektowe/Programowanie/Symfonia C++ - programy,Paczki INFA/Paczka 2 sem. 23_24/Podstawy Elektroniki i Metrologii/Programowanie Obiektowe/Programowanie/Symfonia C++ - programy,35,33,32,0.9697,0.8889,36,34
Paczki INFA/Paczka 1 sem. 23_24/(HiH) Hipertekst i Hipermedia/Egzamin,Paczki Infa/1 SEM/(HiH) Hipertekst i Hipermedia/Egzamin,32,32,31,0.9688,0.9394,32,32
Paczki INFA/Paczka 3 sem. 23_24/(AKO) Architektura komputerów,Paczki Infa/3 SEM,1640,4091,1588,0.9683,0.3833,1868,11083
Paczka II sem. 21_22/Podstawy Elektroniki i Metrologii/Metrologia,Paczki INFA/Paczka 2 sem. 23_24/Podstawy Elektroniki i Metrologii/Podstawy Elektroniki i Metrologii/Metrologia,100,90,87,0.9667,0.8447,100,90
Paczki Infa/4 SEM/(MN) Metody Numeryczne/Stara Paczka/Lab,Paczki Infa/4 SEM/Stare Paczki/Paczka IV sem/Metody Numeryczne/Lab/2020,237,60,58,0.9667,0.2427,283,60
Paczka II sem. 21_22/Podstawy Elektroniki i Metrologii/Metrologia,Paczki INFA/Paczka 2 sem. 23_24/Podstawy Elektroniki i Metrologii/Metrologia,100,89,86,0.9663,0.8350,100,89
Paczka I sem. 22_23/Podstawy Programowania/Egzaminy,Paczki INFA/Paczka 1 sem. 23_24/(PP) Podstawy Programowania/Egzamin,29,55,28,0.9655,0.5000,29,55
Paczka II sem. 21_22/Programowanie Obiektowe/laborki/Laborki 2019/Lab4/javalab2,Paczki INFA/Paczka 2 sem. 23_24/Podstawy Elektroniki i Metrologii/Programowanie Obiektowe/laborki/Laborki 2019/Lab4/javalab2,32,29,28,0.9655,0.8485,33,30
Paczki Infa/4 SEM/(SI) Sztuczna Inteligencja/Stara Paczka/Lab/Labki (Jeszcze Starsze),Paczki Infa/4 SEM/Stare Paczki/Paczka IV sem/Sztuczna Inteligencja/Lab/Labki (Jeszcze Starsze),143,143,138,0.9650,0.9324,177,177
Paczki Infa/4 SEM/(SI) Sztuczna Inteligencja,Paczki Infa/4 SEM/Stare Paczki/Paczka IV sem/Sztuczna Inteligencja/Egzamin,749,57,55,0.9649,0.0732,924,59
Paczki INFA/Paczka 3 sem. 23_24/(FW) Fizyka współczesna/Kolokwium,Paczki Infa/3 SEM/Stare Paczki/Paczka III sem. 21_22/Fizyka Współczesna/Kolokwium,89,84,81,0.9643,0.8804,89,84
Paczki Infa/4 SEM/(SI) Sztuczna Inteligencja/Stara Paczka/Egzamin,Paczki Infa/4 SEM/Stare Paczki/Paczka IV sem/Sztuczna Inteligencja/Egzamin,56,57,54,0.9643,0.9153,58,59
Paczka II sem. 21_22/Programowanie Obiektowe/Programowanie/Symfonia C++ - programy,Paczki INFA/Paczka 2 sem. 23_24/Programowanie Obiektowe/Programowanie/Symfonia C++ - programy,35,28,27,0.9643,0.7500,36,29
Paczki INFA/Paczka 2 sem. 23_24/Podstawy Elektroniki i Metrologii/Programowanie Obiektowe/Programowanie/Symfonia C++ - programy,Paczki INFA/Paczka 2 sem. 23_24/Programowanie Obiektowe/Programowanie/Symfonia C++ - programy,33,28,27,0.9643,0.7941,34,29
Paczki Infa/3 SEM/Stare Paczki/Paczka III sem. 21_22/Architektura Komputerów/Laby/2019,Paczki Infa/3 SEM/Stare Paczki/Semestr 3 paczka/Architektura Komputerów/Laby/2019,685,685,659,0.9620,0.9269,729,729
Paczki INFA/Paczka 2 sem. 23_24/Algorytmy i Struktury Danych/Lab,Paczki Infa/2 SEM/(AiSD) Algorytmy i Struktury Danych/Laby,52,55,50,0.9615,0.8772,52,55
Paczka II sem. 21_22/Układy Cyfrowe,Paczki INFA/Paczka 2 sem. 23_24/Podstawy Elektroniki i Metrologii/Układy Cyfrowe,982,1005,942,0.9593,0.9014,1267,1278
Paczki Infa/3 SEM/(BD) Bazy Danych,Paczki Infa/3 SEM/Stare Paczki/Semestr 3 paczka/Bazy Danych,121,121,116,0.9587,0.9206,126,126
Paczki INFA/Paczka 1 sem. 23_24/(PP) Podstawy Programowania/Projekt,Paczki Infa/1 SEM/(PP) Podstawy Programowania/Projekt,24,24,23,0.9583,0.9200,24,24
Paczki INFA/Paczka 3 sem. 23_24/(PAA) Podstawy Analizy Algorytmów/Wykłady,Paczki Infa/3 SEM/(PAA) Podstawy Analizy Algorytmów,24,151,23,0.9583,0.1513,24,159
Paczki INFA/Paczka 2 sem. 23_24/Podstawy Elektroniki i Metrologii,Paczki Infa,3367,12980,3225,0.9578,0.2458,3938,22747
Paczki INFA/Paczka 2 sem. 23_24/Podstawy Elektroniki i Metrologii,Paczki Infa/2 SEM,3367,3638,3224,0.9575,0.8527,3938,4126
Paczki Infa/3 SEM/Stare Paczki/PAAczka,Paczki Infa/3 SEM/Stare Paczki/Paczka III sem. 21_22/Podstawy Analizy Algorytmów/PAAczka,51,47,45,0.9574,0.8491,51,47
Paczki Infa/3 SEM/Stare Paczki/Paczka III sem. 21_22/Architektura Komputerów/Laby/2019/lab_4/4.1/lab_4.1,Paczki Infa/3 SEM/Stare Paczki/Semestr 3 paczka/Architektura Komputerów/Laby/2019/lab_4/4.1/lab_4.1,23,23,22,0.9565,0.9167,23,23
Paczki Infa/3 SEM/Stare Paczki/Paczka III sem. 21_22/Architektura Komputerów/Laby/2019/lab_5/5.2,Paczki Infa/3 SEM/Stare Paczki/Semestr 3 paczka/Architektura Komputerów/Laby/2019/lab_5/5.2,23,23,22,0.9565,0.9167,23,23
Paczki Infa/3 SEM/Stare Paczki/Paczka III sem. 21_22/Architektura Komputerów/Laby/2019/lab_2/lab_2.1,Paczki Infa/3 SEM/Stare Paczki/Semestr 3 paczka/Architektura Komputerów/Laby/2019/lab_2/lab_2.1,22,22,21,0.9545,0.9130,22,22
Paczki Infa/3 SEM/Stare Paczki/Paczka III sem. 21_22/Architektura Komputerów/Laby/2019/lab_4/4.2/4.2,Paczki Infa/3 SEM/Stare Paczki/Semestr 3 paczka/Architektura Komputerów/Laby/2019/lab_4/4.2/4.2,22,22,21,0.9545,0.9130,22,22
Paczki Infa/3 SEM/Stare Paczki/Paczka III sem. 21_22/Architektura Komputerów/Laby/2019/lab_4/4.3/4.3,Paczki Infa/3 SEM/Stare Paczki/Semestr 3 paczka/Architektura Komputerów/Laby/2019/lab_4/4.3/4.3,22,22,21,0.9545,0.9130,22,22
Paczki Infa/3 SEM/Stare Paczki/Paczka III sem. 21_22/Architektura Komputerów/Laby/2019/lab_4/4.4/4.4,Paczki Infa/3 SEM/Stare Paczki/Semestr 3 paczka/Architektura Komputerów/Laby/2019/lab_4/4.4/4.4,22,22,21,0.9545,0.9130,22,22
Paczki Infa/3 SEM/Stare Paczki/Paczka III sem. 21_22/Architektura Komputerów/Laby/2019/lab_4/4.5/4.5,Paczki Infa/3 SEM/Stare Paczki/Semestr 3 paczka/Architektura Komputerów/Laby/2019/lab_4/4.5/4.5,22,22,21,0.9545,0.9130,22,22
Paczki Infa/3 SEM/Stare Paczki/Paczka III sem. 21_22/Architektura Komputerów/Laby/2019/lab_4/lab_4_zajecia/lab_4,Paczki Infa/3 SEM/Stare Paczki/Semestr 3 paczka/Architektura Komputerów/Laby/2019/lab_4/lab_4_zajecia/lab_4,22,22,21,0.9545,0.9130,22,22
Paczki Infa/3 SEM/Stare Paczki/Paczka III sem. 21_22/Architektura Komputerów/Laby/2019/lab_4/różnica/roznica,Paczki Infa/3 SEM/Stare Paczki/Semestr 3 paczka/Architektura Komputerów/Laby/2019/lab_4/różnica/roznica,22,22,21,0.9545,0.9130,22,22
Paczki Infa/3 SEM/Stare Paczki/Paczka III sem. 21_22/Architektura Komputerów/Laby/2019/lab_4/szukajmax_64/szukajmax_64,Paczki Infa/3 SEM/Stare Paczki/Semestr 3 paczka/Architektura Komputerów/Laby/2019/lab_4/szukajmax_64/szukajmax_64,22,22,21,0.9545,0.9130,22,22
Paczki Infa/3 SEM/Stare Paczki/Paczka III sem. 21_22/Architektura Komputerów/Laby/2019/lab_4/tablica/tab,Paczki Infa/3 SEM/Stare Paczki/Semestr 3 paczka/Architektura Komputerów/Laby/2019/lab_4/tablica/tab,22,22,21,0.9545,0.9130,22,22
Paczki Infa/3 SEM/Stare Paczki/Paczka III sem. 21_22/Architektura Komputerów/Laby/2019/lab_5/5.1,Paczki Infa/3 SEM/Stare Paczki/Semestr 3 paczka/Architektura Komputerów/Laby/2019/lab_5/5.1,22,22,21,0.9545,0.9130,22,22
Paczki Infa/3 SEM/Stare Paczki/Paczka III sem. 21_22/Architektura Komputerów/Laby/2019/lab_5/5.3/5.3,Paczki Infa/3 SEM/Stare Paczki/Semestr 3 paczka/Architektura Komputerów/Laby/2019/lab_5/5.3/5.3,22,22,21,0.9545,0.9130,22,22
Paczki Infa/3 SEM/Stare Paczki/Paczka III sem. 21_22/Architektura Komputerów/Laby/2019/lab_5/5.4,Paczki Infa/3 SEM/Stare Paczki/Semestr 3 paczka/Architektura Komputerów/Laby/2019/lab_5/5.4,22,22,21,0.9545,0.9130,22,22
Paczki Infa/3 SEM/Stare Paczki/Paczka III sem. 21_22/Architektura Komputerów/Laby/2019/lab_5/5.5,Paczki Infa/3 SEM/Stare Paczki/Semestr 3 paczka/Architektura Komputerów/Laby/2019/lab_5/5.5,22,22,21,0.9545,0.9130,22,22
Paczki Infa/3 SEM/Stare Paczki/Paczka III sem. 21_22/Architektura Komputerów/Laby/2019/lab_5/5.6,Paczki Infa/3 SEM/Stare Paczki/Semestr 3 paczka/Architektura Komputerów/Laby/2019/lab_5/5.6,22,22,21,0.9545,0.9130,22,22
Paczki Infa/3 SEM/Stare Paczki/Paczka III sem. 21_22/Architektura Komputerów/Laby/2019/lab_5/Laboratorium_5/potega,Paczki Infa/3 SEM/Stare Paczki/Semestr 3 paczka/Architektura Komputerów/Laby/2019/lab_5/Laboratorium_5/potega,22,22,21,0.9545,0.9130,22,22
Paczki Infa/3 SEM/Stare Paczki/Paczka III sem. 21_22/Architektura Komputerów/Laby/2019/lab_5/zad.1,Paczki Infa/3 SEM/Stare Paczki/Semestr 3 paczka/Architektura Komputerów/Laby/2019/lab_5/zad.1,22,22,21,0.9545,0.9130,22,22
Paczki INFA/Paczka 2 sem. 23_24/Podstawy Elektroniki i Metrologii/Układy Cyfrowe,Paczki Infa/2 SEM/(UC) Układy Cyfrowe/Labki,1005,43,41,0.9535,0.0407,1278,43
Paczki INFA/Paczka 2 sem. 23_24/Układy Cyfrowe,Paczki Infa/2 SEM/(UC) Układy Cyfrowe/Labki,964,43,41,0.9535,0.0424,1236,43
Paczki Infa/3 SEM/(PAA) Podstawy Analizy Algorytmów/Egzamin/Stare,Paczki Infa/3 SEM/Stare Paczki/Semestr 3 paczka/Podstawy Analizy Algorytmów/Kolokwia/Czyste Zadania,73,43,41,0.9535,0.5467,80,44
Paczka I sem./Algebra Liniowa,Paczki INFA/Paczka 1 sem. 23_24/(AL) Algebra Liniowa,21,89,20,0.9524,0.2222,21,99
Paczka II sem. 21_22/Programowanie Obiektowe/Programowanie/Symfonia C++ - programy/Liczby pierwsze,Paczki INFA/Paczka 2 sem. 23_24/Podstawy Elektroniki i Metrologii/Programowanie Obiektowe/Programowanie/Symfonia C++ - programy/Liczby pierwsze,22,21,20,0.9524,0.8696,23,22
Paczki Infa/3 SEM/(FW) Fizyka Współczesna/Kolokwium,Paczki Infa/3 SEM/Stare Paczki/Semestr 3 paczka/Fizyka Współczesna/Kolokwium,82,81,77,0.9506,0.8953,82,81
Paczka II sem. 21_22/Programowanie Obiektowe/laborki,Paczki INFA/Paczka 2 sem. 23_24/Podstawy Elektroniki i Metrologii/Programowanie Obiektowe/laborki,202,208,192,0.9505,0.8807,206,212
Paczki INFA/Paczka 3 sem. 23_24/(BD) Bazy Danych,Paczki Infa/3 SEM/Stare Paczki/Semestr 3 paczka/Bazy Danych,758,121,115,0.9504,0.1505,770,126
Paczki Infa/3 SEM/(BD) Bazy Danych,Paczki Infa/3 SEM/Stare Paczki/Paczka III sem. 21_22/Bazy Danych,121,122,115,0.9504,0.8984,126,132
Paczka I sem. 22_23/Wytwarzanie Aplikacji Internetowych,Paczki INFA/Paczka 1 sem. 23_24/(WAI) Wytwarzania Aplikacji Internetowych/Notatki,141,20,19,0.9500,0.1338,154,20
Paczki Infa/3 SEM/Stare Paczki/Paczka III sem. 21_22/Architektura Komputerów/Laby/2019/lab_4/4.1/lab_4.1/lab_4.1,Paczki Infa/3 SEM/Stare Paczki/Semestr 3 paczka/Architektura Komputerów/Laby/2019/lab_4/4.1/lab_4.1/lab_4.1,20,20,19,0.9500,0.9048,20,20
Paczki Infa/3 SEM/Stare Paczki/Paczka III sem. 21_22/Architektura Komputerów/Laby/2019/lab_5/5.2/5.2,Paczki Infa/3 SEM/Stare Paczki/Semestr 3 paczka/Architektura Komputerów/Laby/2019/lab_5/5.2/5.2,20,20,19,0.9500,0.9048,20,20
Paczka I sem. 22_23/Wytwarzanie Aplikacji Internetowych/Notatki,Paczka I sem./Wytwarzanie Aplikacji Internetowych/Notatki,20,19,18,0.9474,0.8571,20,19
Paczka II sem. 21_22/Układy Cyfrowe/gotowce/MEGAPAKA/02. Badanie bramek logicznych,Paczka II sem. 21_22/Układy Cyfrowe/gotowce/MEGAPAKA/LAB NR 2/2_bramki_logiczne/2_BRAMKI_LOGICZNE,21,19,18,0.9474,0.8182,21,19
Paczki Infa/3 SEM/Stare Paczki/PAAczka/zbiór i tablice algorytmiczne - wersja do edycji,Paczki Infa/3 SEM/Stare Paczki/Paczka III sem. 21_22/Podstawy Analizy Algorytmów/PAAczka/zbiór i tablice algorytmiczne - wersja do edycji,19,19,18,0.9474,0.9000,19,19
Paczki Infa/3 SEM/Stare Paczki/Paczka III sem. 21_22/Architektura Komputerów/Laby/2019/lab_4/4.2/4.2/4.2,Paczki Infa/3 SEM/Stare Paczki/Semestr 3 paczka/Architektura Komputerów/Laby/2019/lab_4/4.2/4.2/4.2,19,19,18,0.9474,0.9000,19,19
Paczki Infa/3 SEM/Stare Paczki/Paczka III sem. 21_22/Architektura Komputerów/Laby/2019/lab_4/4.3/4.3/4.3,Paczki Infa/3 SEM/Stare Paczki/Semestr 3 paczka/Architektura Komputerów/Laby/2019/lab_4/4.3/4.3/4.3,19,19,18,0.9474,0.9000,19,19
Paczki Infa/3 SEM/Stare Paczki/Paczka III sem. 21_22/Architektura Komputerów/Laby/2019/lab_4/4.4/4.4/4.4,Paczki Infa/3 SEM/Stare Paczki/Semestr 3 paczka/Architektura Komputerów/Laby/2019/lab_4/4.4/4.4/4.4,19,19,18,0.9474,0.9000,19,19
Paczki Infa/3 SEM/Stare Paczki/Paczka III sem. 21_22/Architektura Komputerów/Laby/2019/lab_4/4.5/4.5/4.5,Paczki Infa/3 SEM/Stare Paczki/Semestr 3 paczka/Architektura Komputerów/Laby/2019/lab_4/4.5/4.5/4.5,19,19,18,0.9474,0.9000,19,19
Paczki Infa/3 SEM/Stare Paczki/Paczka III sem. 21_22/Architektura Komputerów/Laby/2019/lab_4/lab_4_zajecia/lab_4/lab_4,Paczki Infa/3 SEM/Stare Paczki/Semestr 3 paczka/Architektura Komputerów/Laby/2019/lab_4/lab_4_zajecia/lab_4/lab_4,19,19,18,0.9474,0.9000,19,19
Paczki Infa/3 SEM/Stare Paczki/Paczka III sem. 21_22/Architektura Komputerów/Laby/2019/lab_4/różnica/roznica/roznica,Paczki Infa/3 SEM/Stare Paczki/Semestr 3 paczka/Architektura Komputerów/Laby/2019/lab_4/różnica/roznica/roznica,19,19,18,0.9474,0.9000,19,19
Paczki Infa/3 SEM/Stare Paczki/Paczka III sem. 21_22/Architektura Komputerów/Laby/2019/lab_4/szukajmax_64/szukajmax_64/szukajmax_64,Paczki Infa/3 SEM/Stare Paczki/Semestr 3 paczka/Architektura Komputerów/Laby/2019/lab_4/szukajmax_64/szukajmax_64/szukajmax_64,19,19,18,0.9474,0.9000,19,19
Paczki Infa/3 SEM/Stare Paczki/Paczka III sem. 21_22/Architektura Komputerów/Laby/2019/lab_4/tablica/tab/tab,Paczki Infa/3 SEM/Stare Paczki/Semestr 3 paczka/Architektura Komputerów/Laby/2019/lab_4/tablica/tab/tab,19,19,18,0.9474,0.9000,19,19
Paczki Infa/3 SEM/Stare Paczki/Paczka III sem. 21_22/Architektura Komputerów/Laby/2019/lab_5/5.1/5.1b,Paczki Infa/3 SEM/Stare Paczki/Semestr 3 paczka/Architektura Komputerów/Laby/2019/lab_5/5.1/5.1b,19,19,18,0.9474,0.9000,19,19
Paczki Infa/3 SEM/Stare Paczki/Paczka III sem. 21_22/Architektura Komputerów/Laby/2019/lab_5/5.3/5.3/5.3,Paczki Infa/3 SEM/Stare Paczki/Semestr 3 paczka/Architektura Komputerów/Laby/2019/lab_5/5.3/5.3/5.3,19,19,18,0.9474,0.9000,19,19
Paczki Infa/3 SEM/Stare Paczki/Paczka III sem. 21_22/Architektura Komputerów/Laby/2019/lab_5/5.4/5.4,Paczki Infa/3 SEM/Stare Paczki/Semestr 3 paczka/Architektura Komputerów/Laby/2019/lab_5/5.4/5.4,19,19,18,0.9474,0.9000,19,19
Paczki Infa/3 SEM/Stare Paczki/Paczka III sem. 21_22/Architektura Komputerów/Laby/2019/lab_5/5.5/5.5,Paczki Infa/3 SEM/Stare Paczki/Semestr 3 paczka/Architektura Komputerów/Laby/2019/lab_5/5.5/5.5,19,19,18,0.9474,0.9000,19,19
Paczki Infa/3 SEM/Stare Paczki/Paczka III sem. 21_22/Architektura Komputerów/Laby/2019/lab_5/5.6/5.6,Paczki Infa/3 SEM/Stare Paczki/Semestr 3 paczka/Architektura Komputerów/Laby/2019/lab_5/5.6/5.6,19,19,18,0.9474,0.9000,19,19
Paczki Infa/3 SEM/Stare Paczki/Paczka III sem. 21_22/Architektura Komputerów/Laby/2019/lab_5/Laboratorium_5/potega/potega,Paczki Infa/3 SEM/Stare Paczki/Semestr 3 paczka/Architektura Komputerów/Laby/2019/lab_5/Laboratorium_5/potega/potega,19,19,18,0.9474,0.9000,19,19
Paczki Infa/3 SEM/Stare Paczki/Paczka III sem. 21_22/Architektura Komputerów/Laby/2019/lab_5/zad.1/zad.1,Paczki Infa/3 SEM/Stare Paczki/Semestr 3 paczka/Architektura Komputerów/Laby/2019/lab_5/zad.1/zad.1,19,19,18,0.9474,0.9000,19,19
Paczki INFA/Paczka 2 sem. 23_24/Podstawy Elektroniki i Metrologii/Algorytmy i Struktury Danych,Paczki Infa/2 SEM,198,3638,187,0.9444,0.0512,209,4126
Paczka II sem. 21_22/Programowanie Obiektowe/Programowanie/Symfonia C++ - programy/Liczby pierwsze,Paczki INFA/Paczka 2 sem. 23_24/Programowanie Obiektowe/Programowanie/Symfonia C++ - programy/Liczby pierwsze,22,18,17,0.9444,0.7391,23,19
Paczki INFA/Paczka 2 sem. 23_24/Podstawy Elektroniki i Metrologii/Programowanie Obiektowe/Programowanie/Symfonia C++ - programy/Liczby pierwsze,Paczki INFA/Paczka 2 sem. 23_24/Programowanie Obiektowe/Programowanie/Symfonia C++ - programy/Liczby pierwsze,21,18,17,0.9444,0.7727,22,19
Paczki INFA/Paczka 3 sem. 23_24/(BD) Bazy Danych,Paczki Infa/3 SEM/Stare Paczki/Paczka III sem. 21_22/Bazy Danych,758,122,115,0.9426,0.1503,770,132
Paczka I sem. 22_23/Wytwarzanie Aplikacji Internetowych/Egzaminy,Paczka I sem./Wytwarzanie Aplikacji Internetowych/Egzaminy,110,17,16,0.9412,0.1441,123,17
Paczka I sem./Wytwarzanie Aplikacji Internetowych/Egzaminy,Paczki INFA/Paczka 1 sem. 23_24/(WAI) Wytwarzania Aplikacji Internetowych/Egzamin,17,117,16,0.9412,0.1356,17,130
Paczka II sem. 21_22/Algorytmy i Struktury Danych,Paczki Infa/2 SEM/(AiSD) Algorytmy i Struktury Danych/Egzamin,187,17,16,0.9412,0.0851,199,17
Paczki INFA/Paczka 2 sem. 23_24/Algorytmy i Struktury Danych,Paczki Infa/2 SEM/(AiSD) Algorytmy i Struktury Danych/Egzamin,331,17,16,0.9412,0.0482,350,17
Paczki INFA/Paczka 2 sem. 23_24/Podstawy Elektroniki i Metrologii/Algorytmy i Struktury Danych,Paczki Infa/2 SEM/(AiSD) Algorytmy i Struktury Danych/Egzamin,198,17,16,0.9412,0.0804,209,17
Paczki Infa/3 SEM/Stare Paczki/Paczka III sem. 21_22/Architektura Komputerów/Laby/2019/lab_2/laboratorium_2/lab_2,Paczki Infa/3 SEM/Stare Paczki/Semestr 3 paczka/Architektura Komputerów/Laby/2019/lab_2/laboratorium_2/lab_2,17,17,16,0.9412,0.8889,17,17
Paczki Infa/3 SEM/Stare Paczki/Paczka III sem. 21_22/Architektura Komputerów/Laby/2019/lab_3/lab_3.5/lab_3.5,Paczki Infa/3 SEM/Stare Paczki/Semestr 3 paczka/Architektura Komputerów/Laby/2019/lab_3/lab_3.5/lab_3.5,17,17,16,0.9412,0.8889,17,17
III semestr 2024_2025/Databases/Exams,Paczki INFA/Paczka 3 sem. 23_24/(BD) Bazy Danych/Wykłady/Egzamin,49,33,31,0.9394,0.6078,49,33
Paczki INFA/Paczka 3 sem. 23_24/(FW) Fizyka współczesna/Kolokwium,Paczki Infa/3 SEM/(FW) Fizyka Współczesna/Kolokwium,89,82,77,0.9390,0.8191,89,82
Paczka I sem./Hipertekst i Hipermedia,Paczki INFA/Paczka 1 sem. 23_24/(HiH) Hipertekst i Hipermedia,16,87,15,0.9375,0.1705,16,88
Paczka I sem./Hipertekst i Hipermedia,Paczki Infa/1 SEM/(HiH) Hipertekst i Hipermedia,16,87,15,0.9375,0.1705,16,88
Paczka II sem. 21_22/Algorytmy i Struktury Danych/egzaminy,Paczki Infa/2 SEM/(AiSD) Algorytmy i Struktury Danych/Egzamin,16,17,15,0.9375,0.8333,16,17
Paczka II sem. 21_22/Programowanie Obiektowe/Programowanie/Symfonia C++ - programy/Liczby pierwsze/Liczby pierwsze,Paczki INFA/Paczka 2 sem. 23_24/Programowanie Obiektowe/Programowanie/Symfonia C++ - programy/Liczby pierwsze/Liczby pierwsze,17,16,15,0.9375,0.8333,18,17
Paczki INFA/Paczka 3 sem. 23_24/(PAA) Podstawy Analizy Algorytmów/Wykłady/Egzamin,Paczki Infa/3 SEM/(PAA) Podstawy Analizy Algorytmów/Egzamin,16,86,15,0.9375,0.1724,16,93
Paczki Infa/3 SEM/Stare Paczki/Paczka III sem. 21_22/Architektura Komputerów/Laby/2019/lab_2/lab_2.3,Paczki Infa/3 SEM/Stare Paczki/Semestr 3 paczka/Architektura Komputerów/Laby/2019/lab_2/lab_2.3,16,16,15,0.9375,0.8824,16,16
Paczki Infa/3 SEM/Stare Paczki/Paczka III sem. 21_22/Architektura Komputerów/Laby/2019/lab_2/lab_nowa2,Paczki Infa/3 SEM/Stare Paczki/Semestr 3 paczka/Architektura Komputerów/Laby/2019/lab_2/lab_nowa2,16,16,15,0.9375,0.8824,19,19
Paczki Infa/3 SEM/Stare Paczki/Paczka III sem. 21_22/Architektura Komputerów/Laby/2019/lab_2/laboratorium,Paczki Infa/3 SEM/Stare Paczki/Semestr 3 paczka/Architektura Komputerów/Laby/2019/lab_2/laboratorium,16,16,15,0.9375,0.8824,18,18
Paczki Infa/3 SEM/Stare Paczki/Paczka III sem. 21_22/Architektura Komputerów/Laby/2019/lab_3/lab_3.2/lab_3.2,Paczki Infa/3 SEM/Stare Paczki/Semestr 3 paczka/Architektura Komputerów/Laby/2019/lab_3/lab_3.2/lab_3.2,16,16,15,0.9375,0.8824,16,16
Paczki Infa/3 SEM/Stare Paczki/Paczka III sem. 21_22/Architektura Komputerów/Laby/2019/lab_3/lab_3.3/lab_3.3,Paczki Infa/3 SEM/Stare Paczki/Semestr 3 paczka/Architektura Komputerów/Laby/2019/lab_3/lab_3.3/lab_3.3,16,16,15,0.9375,0.8824,16,16
Paczki Infa/3 SEM/Stare Paczki/Paczka III sem. 21_22/Architektura Komputerów/Laby/2019/lab_3/lab_3.4/lab_3.4,Paczki Infa/3 SEM/Stare Paczki/Semestr 3 paczka/Architektura Komputerów/Laby/2019/lab_3/lab_3.4/lab_3.4,16,16,15,0.9375,0.8824,16,16
Paczki Infa/3 SEM/Stare Paczki/Paczka III sem. 21_22/Architektura Komputerów/Laby/2019/lab_3/lab_A/lab_A,Paczki Infa/3 SEM/Stare Paczki/Semestr 3 paczka/Architektura Komputerów/Laby/2019/lab_3/lab_A/lab_A,16,16,15,0.9375,0.8824,16,16
Paczki Infa/3 SEM/Stare Paczki/Paczka III sem. 21_22/Architektura Komputerów/Laby/2019/lab_3/lab_A_2/lab_A_2,Paczki Infa/3 SEM/Stare Paczki/Semestr 3 paczka/Architektura Komputerów/Laby/2019/lab_3/lab_A_2/lab_A_2,16,16,15,0.9375,0.8824,16,16
Paczki Infa/3 SEM/Stare Paczki/Paczka III sem. 21_22/Architektura Komputerów/Laby/2019/lab_3/lab_A_3/lab_A_3,Paczki Infa/3 SEM/Stare Paczki/Semestr 3 paczka/Architektura Komputerów/Laby/2019/lab_3/lab_A_3/lab_A_3,16,16,15,0.9375,0.8824,16,16
Paczki Infa/3 SEM/Stare Paczki/Paczka III sem. 21_22/Architektura Komputerów/Laby/2019/lab_5/zad.2,Paczki Infa/3 SEM/Stare Paczki/Semestr 3 paczka/Architektura Komputerów/Laby/2019/lab_5/zad.2,16,16,15,0.9375,0.8824,16,16
Paczki Infa/4 SEM/(SI) Sztuczna Inteligencja/Stara Paczka/Lab/Labki (Jeszcze Starsze)/labki 2014,Paczki Infa/4 SEM/Stare Paczki/Paczka IV sem/Sztuczna Inteligencja/Lab/Labki (Jeszcze Starsze)/labki 2014,49,47,44,0.9362,0.8462,57,55
Paczka II sem. 21_22/Algorytmy i Struktury Danych,Paczki INFA/Paczka 2 sem. 23_24/Algorytmy i Struktury Danych,187,331,175,0.9358,0.5102,199,350
Paczka II sem. 21_22/Algorytmy i Struktury Danych,Paczki INFA/Paczka 2 sem. 23_24/Podstawy Elektroniki i Metrologii/Algorytmy i Struktury Danych,187,198,175,0.9358,0.8333,199,209
Paczka II sem. 21_22/Układy Cyfrowe,Paczki INFA/Paczka 2 sem. 23_24/Układy Cyfrowe,982,964,901,0.9346,0.8622,1267,1236
Paczka II sem. 21_22/Układy Cyfrowe/gotowce/MEGAPAKA/06. Liczniki scalone,Paczki INFA/Paczka 2 sem. 23_24/Podstawy Elektroniki i Metrologii/Układy Cyfrowe/gotowce/MEGAPAKA,286,818,267,0.9336,0.3190,289,1088
Paczki INFA/Paczka 3 sem. 23_24/(AKO) Architektura komputerów/stara_paka/Stara paczka/Ćwiczenia/2018/kolokwium2/AKO 23 zadania/Zadanie 16,Paczki Infa/3 SEM/Stare Paczki/Paczka III sem. 21_22/Architektura Komputerów/Ćwiczenia/2018/kolokwium2/AKO 23 zadania/Zadanie 16,15,24,14,0.9333,0.5600,15,24
Paczki Infa/4 SEM/(PT) Platformy Technologiczne/Stara Paczka,Paczki Infa/4 SEM/(PT) Platformy Technologiczne/Wykłady,362,134,125,0.9328,0.3369,388,142
Paczka II sem. 21_22/Programowanie Obiektowe,Paczki INFA/Paczka 2 sem. 23_24/Podstawy Elektroniki i Metrologii/Programowanie Obiektowe/laborki,1394,208,194,0.9327,0.1378,1453,212
Paczka II sem. 21_22/Programowanie Obiektowe,Paczki INFA/Paczka 2 sem. 23_24/Programowanie Obiektowe/laborki,1394,200,186,0.9300,0.1321,1453,204
Paczka II sem. 21_22,Paczki INFA/Paczka 2 sem. 23_24/Podstawy Elektroniki i Metrologii,3406,3367,3129,0.9293,0.8587,3782,3938
Paczki INFA/Paczka 3 sem. 23_24/(AKO) Architektura komputerów/stara_paka/Stara paczka/Ćwiczenia/2018/kolokwium2/AKO 23 zadania/Zadanie 17,Paczki Infa/3 SEM/Stare Paczki/Paczka III sem. 21_22/Architektura Komputerów/Ćwiczenia/2018/kolokwium2/AKO 23 zadania/Zadanie 17,14,23,13,0.9286,0.5417,14,23
Paczki Infa/4 SEM/(SI) Sztuczna Inteligencja/Stara Paczka/Projekty,Paczki Infa/4 SEM/Stare Paczki/Paczka IV sem/Sztuczna Inteligencja/Projekty,86,14,13,0.9286,0.1494,86,14
Paczki Infa/4 SEM/Stare Paczki/Paczka IV sem/Systemy Wbudowane i Mikroprocesory/Labki/Materiały (zgrane 2016-03-30 z komp. laboratoryjnego)/Czesc_1_PIC18F4520,Paczki Infa/4 SEM/Stare Paczki/Paczka IV sem/Systemy Wbudowane i Mikroprocesory/Labki/PIC,14,130,13,0.9286,0.0992,19,198
Paczka II sem. 21_22/Podstawy Fizyki,Paczki INFA/Paczka 2 sem. 23_24/Podstawy Elektroniki i Metrologii/Podstawy Fizyki,165,177,153,0.9273,0.8095,170,182
Paczki INFA/Paczka 2 sem. 23_24/Algorytmy i Struktury Danych,Paczki Infa/2 SEM/(AiSD) Algorytmy i Struktury Danych/Laby,331,55,51,0.9273,0.1522,350,55
Paczki INFA/Paczka 2 sem. 23_24/Podstawy Elektroniki i Metrologii/Algorytmy i Struktury Danych,Paczki Infa/2 SEM/(AiSD) Algorytmy i Struktury Danych/Laby,198,55,51,0.9273,0.2525,209,55
Paczka I sem. 22_23/Algebra Liniowa,Paczki INFA/Paczka 1 sem. 23_24/(AL) Algebra Liniowa,27,89,25,0.9259,0.2747,27,99
Paczki INFA/Paczka 2 sem. 23_24/Algorytmy i Struktury Danych,Paczki Infa,331,12980,306,0.9245,0.0235,350,22747
Paczki INFA/Paczka 3 sem. 23_24/(AKO) Architektura komputerów/stara_paka/Stara paczka/Ćwiczenia/2018/kolokwium2/AKO 23 zadania/Zadanie 1,Paczki Infa/3 SEM/Stare Paczki/Paczka III sem. 21_22/Architektura Komputerów/Ćwiczenia/2018/kolokwium2/AKO 23 zadania/Zadanie 1,13,22,12,0.9231,0.5217,13,22
Paczki INFA/Paczka 3 sem. 23_24/(AKO) Architektura komputerów/stara_paka/Stara paczka/Ćwiczenia/2018/kolokwium2/AKO 23 zadania/Zadanie 15,Paczki Infa/3 SEM/Stare Paczki/Paczka III sem. 21_22/Architektura Komputerów/Ćwiczenia/2018/kolokwium2/AKO 23 zadania/Zadanie 15,13,22,12,0.9231,0.5217,13,22
Paczki INFA/Paczka 3 sem. 23_24/(AKO) Architektura komputerów/stara_paka/Stara paczka/Ćwiczenia/2018/kolokwium2/AKO 23 zadania/Zadanie 18,Paczki Infa/3 SEM/Stare Paczki/Paczka III sem. 21_22/Architektura Komputerów/Ćwiczenia/2018/kolokwium2/AKO 23 zadania/Zadanie 18,13,22,12,0.9231,0.5217,13,22
Paczki INFA/Paczka 3 sem. 23_24/(AKO) Architektura komputerów/stara_paka/Stara paczka/Ćwiczenia/2018/kolokwium2/AKO 23 zadania/Zadanie 19,Paczki Infa/3 SEM/Stare Paczki/Paczka III sem. 21_22/Architektura Komputerów/Ćwiczenia/2018/kolokwium2/AKO 23 zadania/Zadanie 19,13,22,12,0.9231,0.5217,13,22
Paczki INFA/Paczka 3 sem. 23_24/(AKO) Architektura komputerów/stara_paka/Stara paczka/Ćwiczenia/2018/kolokwium2/AKO 23 zadania/Zadanie 2,Paczki Infa/3 SEM/Stare Paczki/Paczka III sem. 21_22/Architektura Komputerów/Ćwiczenia/2018/kolokwium2/AKO 23 zadania/Zadanie 2,13,22,12,0.9231,0.5217,13,22
Paczki INFA/Paczka 3 sem. 23_24/(AKO) Architektura komputerów/stara_paka/Stara paczka/Ćwiczenia/2018/kolokwium2/AKO 23 zadania/Zadanie 21,Paczki Infa/3 SEM/Stare Paczki/Paczka III sem. 21_22/Architektura Komputerów/Ćwiczenia/2018/kolokwium2/AKO 23 zadania/Zadanie 21,13,22,12,0.9231,0.5217,13,22
Paczki INFA/Paczka 3 sem. 23_24/(AKO) Architektura komputerów/stara_paka/Stara paczka/Ćwiczenia/2018/kolokwium2/AKO 23 zadania/Zadanie 22,Paczki Infa/3 SEM/Stare Paczki/Paczka III sem. 21_22/Architektura Komputerów/Ćwiczenia/2018/kolokwium2/AKO 23 zadania/Zadanie 22,13,22,12,0.9231,0.5217,13,22
Paczki INFA/Paczka 3 sem. 23_24/(AKO) Architektura komputerów/stara_paka/Stara paczka/Ćwiczenia/2018/kolokwium2/AKO 23 zadania/Zadanie 23,Paczki Infa/3 SEM/Stare Paczki/Paczka III sem. 21_22/Architektura Komputerów/Ćwiczenia/2018/kolokwium2/AKO 23 zadania/Zadanie 23,13,22,12,0.9231,0.5217,13,22
Paczki INFA/Paczka 3 sem. 23_24/(AKO) Architektura komputerów/stara_paka/Stara paczka/Ćwiczenia/2018/kolokwium2/AKO 23 zadania/Zadanie 3,Paczki Infa/3 SEM/Stare Paczki/Paczka III sem. 21_22/Architektura Komputerów/Ćwiczenia/2018/kolokwium2/AKO 23 zadania/Zadanie 3,13,22,12,0.9231,0.5217,13,22
Paczki INFA/Paczka 3 sem. 23_24/(AKO) Architektura komputerów/stara_paka/Stara paczka/Ćwiczenia/2018/kolokwium2/AKO 23 zadania/Zadanie 5,Paczki Infa/3 SEM/Stare Paczki/Paczka III sem. 21_22/Architektura Komputerów/Ćwiczenia/2018/kolokwium2/AKO 23 zadania/Zadanie 5,13,22,12,0.9231,0.5217,13,22
Paczki INFA/Paczka 3 sem. 23_24/(AKO) Architektura komputerów/stara_paka/Stara paczka/Ćwiczenia/2018/kolokwium2/AKO 23 zadania/Zadanie 6,Paczki Infa/3 SEM/Stare Paczki/Paczka III sem. 21_22/Architektura Komputerów/Ćwiczenia/2018/kolokwium2/AKO 23 zadania/Zadanie 6,13,22,12,0.9231,0.5217,13,22
Paczki Infa/3 SEM/Stare Paczki/Paczka III sem. 21_22/Architektura Komputerów/Laby/2019/lab_2/laboratorium_2/lab_2/lab_2,Paczki Infa/3 SEM/Stare Paczki/Semestr 3 paczka/Architektura Komputerów/Laby/2019/lab_2/laboratorium_2/lab_2/lab_2,13,13,12,0.9231,0.8571,13,13
Paczki Infa/3 SEM/Stare Paczki/Paczka III sem. 21_22/Architektura Komputerów/Laby/2019/lab_3/lab_3.5/lab_3.5/lab_3.5,Paczki Infa/3 SEM/Stare Paczki/Semestr 3 paczka/Architektura Komputerów/Laby/2019/lab_3/lab_3.5/lab_3.5/lab_3.5,13,13,12,0.9231,0.8571,13,13
Paczki Infa/4 SEM/(MN) Metody Numeryczne/Stara Paczka/Lab,Paczki Infa/4 SEM/Stare Paczki/Paczka IV sem/Metody Numeryczne/Lab/2020/Lab 7,237,13,12,0.9231,0.0504,283,13
Paczki INFA/Paczka 2 sem. 23_24/Algorytmy i Struktury Danych,Paczki Infa/2 SEM,331,3638,305,0.9215,0.0832,350,4126
Paczka II sem. 21_22/Układy Cyfrowe/gotowce/MEGAPAKA/06. Liczniki scalone/lab 6,Paczki INFA/Paczka 2 sem. 23_24/Podstawy Elektroniki i Metrologii/Układy Cyfrowe/gotowce/MEGAPAKA,242,818,223,0.9215,0.2664,245,1088
Paczki Infa/4 SEM/(SI) Sztuczna Inteligencja,Paczki Infa/4 SEM/Stare Paczki/Paczka IV sem/Sztuczna Inteligencja,749,292,269,0.9212,0.3484,924,341
Paczka II sem. 21_22/Podstawy Fizyki,Paczki INFA/Paczka 2 sem. 23_24/Podstawy Fizyki,165,176,152,0.9212,0.8042,170,181
Paczka I sem./Wytwarzanie Aplikacji Internetowych,Paczki INFA/Paczka 1 sem. 23_24/(WAI) Wytwarzania Aplikacji Internetowych,38,147,35,0.9211,0.2333,38,160
Paczka II sem. 21_22/Programowanie Obiektowe/laborki,Paczki INFA/Paczka 2 sem. 23_24/Programowanie Obiektowe/laborki,202,200,184,0.9200,0.8440,206,204
Paczka II sem. 21_22/Układy Cyfrowe/gotowce/MEGAPAKA/06. Liczniki scalone,Paczki INFA/Paczka 2 sem. 23_24/Układy Cyfrowe/gotowce/MEGAPAKA,286,796,263,0.9196,0.3211,289,1065
Paczki INFA/Paczka 2 sem. 23_24/Algorytmy i Struktury Danych,Paczki Infa/2 SEM/(AiSD) Algorytmy i Struktury Danych,331,74,68,0.9189,0.2018,350,74
Paczki INFA/Paczka 2 sem. 23_24/Podstawy Elektroniki i Metrologii/Algorytmy i Struktury Danych,Paczki Infa/2 SEM/(AiSD) Algorytmy i Struktury Danych,198,74,68,0.9189,0.3333,209,74
Paczki Infa/4 SEM/(MPwI) Metody Probabilistyczne w Informatyce/Stara Paczka,Paczki Infa/4 SEM/Stare Paczki/Paczka IV sem/Metody Probabilistyczne w Informatyce,61,64,56,0.9180,0.8116,61,64
Paczki Infa/4 SEM/(SI) Sztuczna Inteligencja/Stara Paczka,Paczki Infa/4 SEM/Stare Paczki/Paczka IV sem/Sztuczna Inteligencja,349,292,268,0.9178,0.7185,391,341
Paczki INFA/Paczka 2 sem. 23_24/Podstawy Elektroniki i Metrologii/2024peim,SEM2/PEiM_Podstawy_Elektroniki_i_Metrologii,24,30,22,0.9167,0.6875,24,30
Paczki INFA/Paczka 3 sem. 23_24/(AKO) Architektura komputerów/stara_paka/Stara paczka/Laby/inne,Paczki Infa/3 SEM/Stare Paczki/Paczka III sem. 21_22/Architektura Komputerów/Laby/inne,12,12,11,0.9167,0.8462,12,14
Paczki Infa/3 SEM/Stare Paczki/Paczka III sem. 21_22/Architektura Komputerów/Laby/2019/lab_2/lab_2.3/lab_2.3,Paczki Infa/3 SEM/Stare Paczki/Semestr 3 paczka/Architektura Komputerów/Laby/2019/lab_2/lab_2.3/lab_2.3,12,12,11,0.9167,0.8462,12,12
Paczki Infa/3 SEM/Stare Paczki/Paczka III sem. 21_22/Architektura Komputerów/Laby/2019/lab_2/lab_nowa2/lab_nowa2,Paczki Infa/3 SEM/Stare Paczki/Semestr 3 paczka/Architektura Komputerów/Laby/2019/lab_2/lab_nowa2/lab_nowa2,12,12,11,0.9167,0.8462,15,15
Paczki Infa/3 SEM/Stare Paczki/Paczka III sem. 21_22/Architektura Komputerów/Laby/2019/lab_2/laboratorium/laboratorium,Paczki Infa/3 SEM/Stare Paczki/Semestr 3 paczka/Architektura Komputerów/Laby/2019/lab_2/laboratorium/laboratorium,12,12,11,0.9167,0.8462,14,14
Paczki Infa/3 SEM/Stare Paczki/Paczka III sem. 21_22/Architektura Komputerów/Laby/2019/lab_3/lab_3.2/lab_3.2/lab_3.2,Paczki Infa/3 SEM/Stare Paczki/Semestr 3 paczka/Architektura Komputerów/Laby/2019/lab_3/lab_3.2/lab_3.2/lab_3.2,12,12,11,0.9167,0.8462,12,12
Paczki Infa/3 SEM/Stare Paczki/Paczka III sem. 21_22/Architektura Komputerów/Laby/2019/lab_3/lab_3.3/lab_3.3/lab_3.3,Paczki Infa/3 SEM/Stare Paczki/Semestr 3 paczka/Architektura Komputerów/Laby/2019/lab_3/lab_3.3/lab_3.3/lab_3.3,12,12,11,0.9167,0.8462,12,12
Paczki Infa/3 SEM/Stare Paczki/Paczka III sem. 21_22/Architektura Komputerów/Laby/2019/lab_3/lab_3.4/lab_3.4/lab_3.4,Paczki Infa/3 SEM/Stare Paczki/Semestr 3 paczka/Architektura Komputerów/Laby/2019/lab_3/lab_3.4/lab_3.4/lab_3.4,12,12,11,0.9167,0.8462,12,12
Paczki Infa/3 SEM/Stare Paczki/Paczka III sem. 21_22/Architektura Komputerów/Laby/2019/lab_3/lab_A/lab_A/lab_A,Paczki Infa/3 SEM/Stare Paczki/Semestr 3 paczka/Architektura Komputerów/Laby/2019/lab_3/lab_A/lab_A/lab_A,12,12,11,0.9167,0.8462,12,12
Paczki Infa/3 SEM/Stare Paczki/Paczka III sem. 21_22/Architektura Komputerów/Laby/2019/lab_3/lab_A_2/lab_A_2/lab_A_2,Paczki Infa/3 SEM/Stare Paczki/Semestr 3 paczka/Architektura Komputerów/Laby/2019/lab_3/lab_A_2/lab_A_2/lab_A_2,12,12,11,0.9167,0.8462,12,12
Paczki Infa/3 SEM/Stare Paczki/Paczka III sem. 21_22/Architektura Komputerów/Laby/2019/lab_3/lab_A_3/lab_A_3/lab_A_3,Paczki Infa/3 SEM/Stare Paczki/Semestr 3 paczka/Architektura Komputerów/Laby/2019/lab_3/lab_A_3/lab_A_3/lab_A_3,12,12,11,0.9167,0.8462,12,12
Paczki Infa/3 SEM/Stare Paczki/Paczka III sem. 21_22/Architektura Komputerów/Laby/2019/lab_5/zad.2/zad.2,Paczki Infa/3 SEM/Stare Paczki/Semestr 3 paczka/Architektura Komputerów/Laby/2019/lab_5/zad.2/zad.2,12,12,11,0.9167,0.8462,12,12
Paczki Infa/4 SEM/Stare Paczki/Paczka IV sem/Systemy Wbudowane i Mikroprocesory/Labki/Materiały (zgrane 2016-03-30 z komp. laboratoryjnego)/Czesc_1_PIC18F4520/cw3,Paczki Infa/4 SEM/Stare Paczki/Paczka IV sem/Systemy Wbudowane i Mikroprocesory/Labki/PIC,12,130,11,0.9167,0.0840,12,198
Paczka II sem. 21_22/Układy Cyfrowe/gotowce/MEGAPAKA/06. Liczniki scalone/lab 6/EW/EW,Paczki INFA/Paczka 2 sem. 23_24/Podstawy Elektroniki i Metrologii/Układy Cyfrowe/gotowce/MEGAPAKA,227,818,208,0.9163,0.2485,230,1088
Paczki Infa/3 SEM/(BD) Bazy Danych/Wykłady,Paczki Infa/3 SEM/Stare Paczki/Paczka III sem. 21_22/Bazy Danych,58,122,53,0.9138,0.4173,59,132
Paczki Infa/3 SEM/(BD) Bazy Danych/Wykłady,Paczki Infa/3 SEM/Stare Paczki/Semestr 3 paczka/Bazy Danych,58,121,53,0.9138,0.4206,59,126
III semestr 2024_2025/Databases/Exams/infa,Paczki INFA/Paczka 3 sem. 23_24/(BD) Bazy Danych/Wykłady/Egzamin,23,33,21,0.9130,0.6000,23,33
III semestr 2024_2025/Databases/Exams/infa,Paczki Infa/3 SEM/Stare Paczki/Paczka III sem. 21_22/Bazy Danych/Egzamin,23,34,21,0.9130,0.5833,23,34
Paczka II sem. 21_22/Układy Cyfrowe/gotowce/MEGAPAKA/06. Liczniki scalone/lab 6/EW/EW,Paczki INFA/Paczka 2 sem. 23_24/Układy Cyfrowe/gotowce/MEGAPAKA,227,796,207,0.9119,0.2537,230,1065
III semestr 2024_2025/Databases/Exams,Paczki Infa/3 SEM/Stare Paczki/Paczka III sem. 21_22/Bazy Danych/Egzamin,49,34,31,0.9118,0.5962,49,34
Paczki INFA/Paczka 2 sem. 23_24/Podstawy Elektroniki i Metrologii/Systemy Operacyjne,Paczki Infa/2 SEM,203,3638,185,0.9113,0.0506,208,4126
Paczki INFA/Paczka 2 sem. 23_24/Systemy Operacyjne,Paczki Infa/2 SEM,202,3638,184,0.9109,0.0503,207,4126
Paczka II sem. 21_22/Algorytmy i Struktury Danych,SEM2/AiSD_Algorytmy_i_Struktury_Danych/inne,187,11,10,0.9091,0.0532,199,11
Paczki INFA/Paczka 2 sem. 23_24/Algorytmy i Struktury Danych,SEM2/AiSD_Algorytmy_i_Struktury_Danych/inne,331,11,10,0.9091,0.0301,350,11
Paczki INFA/Paczka 2 sem. 23_24/Podstawy Elektroniki i Metrologii/Algorytmy i Struktury Danych,SEM2/AiSD_Algorytmy_i_Struktury_Danych/inne,198,11,10,0.9091,0.0503,209,11
Paczki INFA/Paczka 3 sem. 23_24/(AKO) Architektura komputerów/stara_paka/Stara paczka/Ćwiczenia/2018/kolokwium2/AKO 23 zadania/Zadanie 7,Paczki Infa/3 SEM/Stare Paczki/Paczka III sem. 21_22/Architektura Komputerów/Ćwiczenia/2018/kolokwium2/AKO 23 zadania/Zadanie 7,11,17,10,0.9091,0.5556,11,17
Paczki INFA/Paczka 3 sem. 23_24/(AKO) Architektura komputerów/stara_paka/Stara paczka/Ćwiczenia/2018/kolokwium2/AKO 23 zadania/Zadanie 8,Paczki Infa/3 SEM/Stare Paczki/Paczka III sem. 21_22/Architektura Komputerów/Ćwiczenia/2018/kolokwium2/AKO 23 zadania/Zadanie 8,11,17,10,0.9091,0.5556,11,17
Paczka I sem. 22_23/Wytwarzanie Aplikacji Internetowych,Paczki INFA/Paczka 1 sem. 23_24/(WAI) Wytwarzania Aplikacji Internetowych,141,147,128,0.9078,0.8000,154,160
Paczki INFA/Paczka 3 sem. 23_24/(BD) Bazy Danych/Wykłady,Paczki Infa/3 SEM,65,4091,59,0.9077,0.0144,66,11083
Paczka II sem. 21_22/Układy Cyfrowe/gotowce/MEGAPAKA/06. Liczniki scalone/lab 6,Paczki INFA/Paczka 2 sem. 23_24/Układy Cyfrowe/gotowce/MEGAPAKA,242,796,219,0.9050,0.2674,245,1065
Paczka II sem. 21_22/Podstawy Elektroniki i Metrologii/Elektronika,Paczki INFA/Paczka 2 sem. 23_24/Podstawy Elektroniki i Metrologii/Podstawy Elektroniki i Metrologii/Elektronika,104,63,57,0.9048,0.5182,104,63
Paczki Infa/3 SEM/Stare Paczki/Paczka III sem. 21_22/Architektura Komputerów,Paczki Infa/3 SEM/Stare Paczki/Semestr 3 paczka,2388,3352,2159,0.9041,0.6029,2654,3597
Paczki Infa/3 SEM/Stare Paczki/Paczka III sem. 21_22/Architektura Komputerów,Semestr 3 paczka,2388,3352,2159,0.9041,0.6029,2654,3597
Paczka II sem. 21_22/Podstawy Elektroniki i Metrologii/Elektronika,Paczki INFA/Paczka 2 sem. 23_24/Podstawy Elektroniki i Metrologii/Elektronika,104,60,54,0.9000,0.4909,104,60
Paczki INFA/Paczka 2 sem. 23_24/Podstawy Elektroniki i Metrologii/Układy Cyfrowe/Labki,Paczki Infa/2 SEM/(UC) Układy Cyfrowe/Labki,40,43,36,0.9000,0.7660,40,43
I semestr 2024_2025/Operating Systems/Notes/Notateczki,I semestr 2024_2025/Operating Systems/Notes/Notateczki 2,34,20,18,0.9000,0.5000,34,20
Paczka I sem. 22_23/Wytwarzanie Aplikacji Internetowych/Notatki,Paczki INFA/Paczka 1 sem. 23_24/(WAI) Wytwarzania Aplikacji Internetowych/Notatki,20,20,18,0.9000,0.8182,20,20
II semestr 2024_2025/Numerical Methods/Lectures,Paczki Infa/4 SEM/Stare Paczki/Paczka IV sem/Metody Numeryczne/Slajdy (2018),18,10,9,0.9000,0.4737,18,10
Paczka II sem. 21_22/Programowanie Obiektowe/Programowanie/Symfonia C++ - programy/Liczby pierwsze/Liczby pierwsze/Debug,Paczki INFA/Paczka 2 sem. 23_24/Programowanie Obiektowe/Programowanie/Symfonia C++ - programy/Liczby pierwsze/Liczby pierwsze/Debug,11,10,9,0.9000,0.7500,11,10
Paczka II sem. 21_22/Układy Cyfrowe/gotowce/MEGAPAKA/04. Układy czasowe/Lab4,Paczka II sem. 21_22/Układy Cyfrowe/gotowce/MEGAPAKA/4_UKLADY_CZASOWE/LAB4,10,15,9,0.9000,0.5625,10,15
Paczki Infa/3 SEM/(GK) Grafika Komputerowa/Kolokwium,Paczki Infa/3 SEM/Stare Paczki/Paczka III sem. 21_22/Grafika Komputerowa/Kolokwium,14,10,9,0.9000,0.6000,14,10
Paczki INFA/Paczka 2 sem. 23_24/Podstawy Elektroniki i Metrologii/Układy Cyfrowe,Paczki Infa/2 SEM/(UC) Układy Cyfrowe,1005,68,61,0.8971,0.0603,1278,68
Paczki INFA/Paczka 2 sem. 23_24/Układy Cyfrowe,Paczki Infa/2 SEM/(UC) Układy Cyfrowe,964,68,61,0.8971,0.0628,1236,68
Paczki INFA/Paczka 2 sem. 23_24/Algorytmy i Struktury Danych/Matematyka Dyskretna,Paczki Infa,133,12980,119,0.8947,0.0092,141,22747
Paczki Infa/3 SEM/(PAA) Podstawy Analizy Algorytmów/Egzamin/Stare,Paczki Infa/3 SEM/Stare Paczki/Paczka III sem. 21_22/Podstawy Analizy Algorytmów/Kolokwia/Czyste Zadania,73,46,41,0.8913,0.5256,80,48
Paczki INFA/Paczka 2 sem. 23_24/Podstawy Elektroniki i Metrologii/Podstawy Elektroniki i Metrologii,Paczki Infa/2 SEM,202,3638,180,0.8911,0.0492,207,4126
Paczki INFA/Paczka 2 sem. 23_24/Podstawy Elektroniki i Metrologii/Układy Cyfrowe/Kolosy,Paczki Infa/2 SEM/(UC) Układy Cyfrowe/Kolosy,9,13,8,0.8889,0.5714,9,13
Paczki Infa/4 SEM/Stare Paczki/Paczka IV sem/Przetwarzanie Rozproszone/Laby/Przykład 2 (2016)/setlersi/dist/run1547229832,Paczki Infa/4 SEM/Stare Paczki/Paczka IV sem/Przetwarzanie Rozproszone/Laby/Przykład 2 (2016)/setlersi/dist/run934282862,12,9,8,0.8889,0.6154,12,9
Paczki INFA/Paczka 2 sem. 23_24/Algorytmy i Struktury Danych/Matematyka Dyskretna,Paczki Infa/2 SEM,133,3638,118,0.8872,0.0323,141,4126
Paczki Infa/4 SEM/(SK) Sieci Komputerowe/Stara Paczka,Paczki Infa/4 SEM/Stare Paczki/Paczka IV sem,53,1980,47,0.8868,0.0237,53,2354
Paczki INFA/Paczka 2 sem. 23_24/Algorytmy i Struktury Danych/egzaminy,Paczki Infa/2 SEM/(AiSD) Algorytmy i Struktury Danych/Egzamin,25,17,15,0.8824,0.5556,25,17
Paczki Infa/4 SEM/(SI) Sztuczna Inteligencja/Laby/Lab07/Przykładowe rozwiązania/Przykład 2,Paczki Infa/4 SEM/(SI) Sztuczna Inteligencja/Laby/Lab07/Przykładowe rozwiązania/Przykład 3,21,17,15,0.8824,0.6522,21,17
Paczki Infa/4 SEM/(SI) Sztuczna Inteligencja/Laby/Lab07/Przykładowe rozwiązania/Przykład 3,Paczki Infa/4 SEM/(SI) Sztuczna Inteligencja/Laby/Lab07/Przykładowe rozwiązania/Przykład 4,17,20,15,0.8824,0.6818,17,20
Paczka I sem. 22_23/Humanistyka Dla Inżynierów,Paczki INFA/Paczka 1 sem. 23_24/(HDMI) Humanistyka dla Inżynierów,157,48,42,0.8750,0.2577,158,49
Paczka I sem. 22_23/Humanistyka Dla Inżynierów,Paczki Infa/1 SEM/(HDMI) Humanistyka dla Inżynierów,157,48,42,0.8750,0.2577,158,49
Paczki INFA/Paczka 3 sem. 23_24/(BD) Bazy Danych/Wykłady,Paczki Infa/3 SEM/Stare Paczki/Semestr 3 paczka/Bazy Danych/Wykład,65,24,21,0.8750,0.3088,66,25
Paczka I sem. 22_23/Hipertekst i Hipermedia,Paczka I sem./Hipertekst i Hipermedia,82,16,14,0.8750,0.1667,83,16
Paczki Infa/3 SEM/Memy,Paczki Infa/3 SEM/Stare Paczki/PAAczka/memes,47,16,14,0.8750,0.2857,47,16
Paczki Infa/3 SEM/Memy,Paczki Infa/3 SEM/Stare Paczki/Paczka III sem. 21_22/Podstawy Analizy Algorytmów/PAAczka/memes,47,16,14,0.8750,0.2857,47,16
Paczka II sem. 21_22/Matematyka Dyskretna/2020,Paczka II sem. 21_22/Matematyka Dyskretna/wykłady,24,8,7,0.8750,0.2800,24,8
Paczka II sem. 21_22/Układy Cyfrowe/UC kolo,Paczki Infa/2 SEM/(UC) Układy Cyfrowe/Kolosy,8,13,7,0.8750,0.5000,8,13
Paczka II sem. 21_22/Układy Cyfrowe/gotowce/MEGAPAKA/06.liczniki scalone,Paczka II sem. 21_22/Układy Cyfrowe/gotowce/MEGAPAKA/liczniki scalone,8,9,7,0.8750,0.7000,8,9
Paczki INFA/Paczka 3 sem. 23_24/(JPR) Języki programowania/Stara paczka/Projekt/ZESTAW 4 (2018)/jezykiProgramowania,Paczki INFA/Paczka 3 sem. 23_24/(JPR) Języki programowania/Stara paczka/Slajdy/Mironowicz,11,8,7,0.8750,0.5833,11,8
Paczka II sem. 21_22,Paczki INFA/Paczka 2 sem. 23_24/Algorytmy i Struktury Danych,3406,331,288,0.8701,0.0835,3782,350
Paczki Infa/4 SEM/(MN) Metody Numeryczne/Stara Paczka/Projekt/Projekty (stare)/Projekt 2,Paczki Infa/4 SEM/Stare Paczki/Paczka IV sem/Metody Numeryczne/Projekt/Projekty (stare)/Projekt 2,23,35,20,0.8696,0.5263,24,35
Paczki Infa/4 SEM/(SK) Sieci Komputerowe/Stara Paczka,Paczki Infa/4 SEM/Stare Paczki/Paczka IV sem/Sieci Komputerowe,53,63,46,0.8679,0.6571,53,63
Paczki Infa/3 SEM/(AKO) Architektura Komputerów/Stara paczka,Paczki Infa/3 SEM/Stare Paczki/Semestr 3 paczka,1484,3352,1280,0.8625,0.3600,1701,3597
Paczki Infa/3 SEM/(AKO) Architektura Komputerów/Stara paczka,Semestr 3 paczka,1484,3352,1280,0.8625,0.3600,1701,3597
Paczki INFA/Paczka 3 sem. 23_24/(AKO) Architektura komputerów,Paczki Infa/3 SEM/Stare Paczki/Paczka III sem. 21_22,1640,3671,1414,0.8622,0.3628,1868,4015
Paczki Infa/4 SEM/(MPwI) Metody Probabilistyczne w Informatyce/Stara Paczka/Egzamin,Paczki Infa/4 SEM/Stare Paczki/Paczka IV sem/Metody Probabilistyczne w Informatyce/Egzamin,21,22,18,0.8571,0.7200,21,22
INF SEM 2/PF,Paczki Infa/2 SEM/StarePaczki/INF SEM 2/PF,14,14,12,0.8571,0.7500,14,14
Paczki INFA/Paczka 2 sem. 23_24/Podstawy Elektroniki i Metrologii/Programowanie Obiektowe,Paczki Infa/2 SEM/(PO) Programowanie Obiektowe,1322,14,12,0.8571,0.0091,1381,14
Paczki INFA/Paczka 2 sem. 23_24/Programowanie Obiektowe,Paczki Infa/2 SEM/(PO) Programowanie Obiektowe,1304,14,12,0.8571,0.0092,1363,14
Paczka II sem. 21_22/Podstawy Elektroniki i Metrologii/Elektronika/Kolokwium/2014,SEM2/PEiM_Podstawy_Elektroniki_i_Metrologii/egzamin,7,10,6,0.8571,0.5455,7,10
Paczka II sem. 21_22/Układy Cyfrowe/gotowce/MEGAPAKA/06. Liczniki scalone/06/EWB,Paczka II sem. 21_22/Układy Cyfrowe/gotowce/MEGAPAKA/Cw6/EWB,9,7,6,0.8571,0.6000,9,7
Paczki INFA/Paczka 3 sem. 23_24/(AKO) Architektura komputerów/stara_paka/Stara paczka/Ćwiczenia/2017 i wcześniej/Zadania/Dziubich 2015/gr_7_cw2_utf,Paczki INFA/Paczka 3 sem. 23_24/(AKO) Architektura komputerów/stara_paka/Stara paczka/Ćwiczenia/2017 i wcześniej/Zadania/Dziubich_ćw_UTF,7,9,6,0.8571,0.6000,7,9
Paczki INFA/Paczka 3 sem. 23_24/(AKO) Architektura komputerów/stara_paka/Stara paczka/Ćwiczenia/2018/kolokwium2/AKO 23 zadania/Zadanie 10/Debug,Paczki Infa/3 SEM/Stare Paczki/Paczka III sem. 21_22/Architektura Komputerów/Ćwiczenia/2018/kolokwium2/AKO 23 zadania/Zadanie 10/Debug,7,11,6,0.8571,0.5000,9,11
Paczki Infa/3 SEM/(GK) Grafika Komputerowa/Laby/L6,Paczki Infa/3 SEM/Stare Paczki/Paczka III sem. 21_22/Grafika Komputerowa/Laby/L6,7,8,6,0.8571,0.6667,7,8
Paczki Infa/4 SEM/(SK) Sieci Komputerowe/Stara Paczka/Książki,Paczki Infa/4 SEM/Stare Paczki/Paczka IV sem,7,1980,6,0.8571,0.0030,7,2354
Paczki Infa/4 SEM/Stare Paczki/Paczka IV sem/Przetwarzanie Rozproszone/Laby/Przykład 2 (2016)/setlersi/dist/run114774900,Paczki Infa/4 SEM/Stare Paczki/Paczka IV sem/Przetwarzanie Rozproszone/Laby/Przykład 2 (2016)/setlersi/dist/run1547229832,7,12,6,0.8571,0.4615,7,12
Paczki Infa/4 SEM/Stare Paczki/Paczka IV sem/Przetwarzanie Rozproszone/Laby/Przykład 2 (2016)/setlersi/dist/run114774900,Paczki Infa/4 SEM/Stare Paczki/Paczka IV sem/Przetwarzanie Rozproszone/Laby/Przykład 2 (2016)/setlersi/dist/run934282862,7,9,6,0.8571,0.6000,7,9
Paczki Infa/4 SEM/Stare Paczki/Paczka IV sem/Systemy Wbudowane i Mikroprocesory/Labki/Materiały (zgrane 2016-03-30 z komp. laboratoryjnego)/Czesc_1_PIC18F4520/cw3/template/cw3usart,Paczki Infa/4 SEM/Stare Paczki/Paczka IV sem/Systemy Wbudowane i Mikroprocesory/Labki/PIC,7,130,6,0.8571,0.0458,7,198
V semestr 2024_2025/(ETI) Tworzenie rozwiązań typu Big Data/Computer networks/archiwumNowickiWozniak/lectures/Nowicki,V semestr 2024_2025/(ETI) Tworzenie rozwiązań typu Big Data/Computer networks/archiwumNowickiWozniak/lectures/Ponumerowane,7,12,6,0.8571,0.4615,7,12
Paczki INFA/Paczka 3 sem. 23_24/(AKO) Architektura komputerów/stara_paka/Stara paczka,Paczki Infa/3 SEM/Stare Paczki/Semestr 3 paczka,1413,3352,1209,0.8556,0.3400,1629,3597
Paczki INFA/Paczka 3 sem. 23_24/(AKO) Architektura komputerów/stara_paka/Stara paczka,Semestr 3 paczka,1413,3352,1209,0.8556,0.3400,1629,3597
Paczki INFA/Paczka 3 sem. 23_24/(AKO) Architektura komputerów/stara_paka/Stara paczka/Laby,Paczki Infa/3 SEM/Stare Paczki/Semestr 3 paczka/Architektura Komputerów/Laby,286,1016,244,0.8531,0.2306,348,1070
Paczki INFA,Paczki Infa,7682,12980,6541,0.8515,0.4632,12142,22747
Paczka II sem. 21_22/Podstawy Elektroniki i Metrologii,Paczki INFA/Paczka 2 sem. 23_24/Podstawy Elektroniki i Metrologii/Podstawy Elektroniki i Metrologii,226,202,172,0.8515,0.6719,232,207
Paczka II sem. 21_22/Matematyka Dyskretna,Paczki INFA/Paczka 2 sem. 23_24/Algorytmy i Struktury Danych/Matematyka Dyskretna,171,133,113,0.8496,0.5916,178,141
Paczki INFA/Paczka 3 sem. 23_24/(AKO) Architektura komputerów/stara_paka/Stara paczka/Ćwiczenia/2018/kolokwium2/AKO 23 zadania/Zadanie 10,Paczki Infa/3 SEM/Stare Paczki/Paczka III sem. 21_22/Architektura Komputerów/Ćwiczenia/2018/kolokwium2/AKO 23 zadania/Zadanie 10,13,17,11,0.8462,0.5789,15,17
Paczki INFA/Paczka 3 sem. 23_24/(BD) Bazy Danych/Wykłady,Paczki Infa/3 SEM/Stare Paczki/Paczka III sem. 21_22/Bazy Danych/Wykład,65,25,21,0.8400,0.3043,66,26
Paczki Infa/3 SEM/(BD) Bazy Danych/Wykłady,Paczki Infa/3 SEM/Stare Paczki/Semestr 3 paczka/Bazy Danych/Wykład,58,24,20,0.8333,0.3226,59,25
Paczki Infa/3 SEM/Memy/PAA,Paczki Infa/3 SEM/Stare Paczki/Paczka III sem. 21_22,12,3671,10,0.8333,0.0027,12,4015
AKO2020/LABY WEJŚCIÓWKI,Paczki INFA/Paczka 3 sem. 23_24/(AKO) Architektura komputerów/stara_paka/Stara paczka/Laby/Instrukcje 2016,65,6,5,0.8333,0.0758,65,6
III semestr 2024_2025/Databases/Lectures/materialy od infy po polsku/School2,Paczki INFA/Paczka 3 sem. 23_24/(BD) Bazy Danych/Wykłady/Slajdy/School2,6,6,5,0.8333,0.7143,6,7
INF SEM 2/PEiM/Egzaminy,Paczka II sem. 21_22/Podstawy Elektroniki i Metrologii/Metrologia,6,100,5,0.8333,0.0495,6,100
INF SEM 2/PEiM/Egzaminy,Paczki INFA/Paczka 2 sem. 23_24/Podstawy Elektroniki i Metrologii/Metrologia,6,89,5,0.8333,0.0556,6,89
INF SEM 2/PEiM/Egzaminy,Paczki INFA/Paczka 2 sem. 23_24/Podstawy Elektroniki i Metrologii/Podstawy Elektroniki i Metrologii/Metrologia,6,90,5,0.8333,0.0549,6,90
Paczka I sem./Hipertekst i Hipermedia/Laboratorium,Paczki INFA/Paczka 1 sem. 23_24/(HiH) Hipertekst i Hipermedia/Laby,6,45,5,0.8333,0.1087,6,46
Paczka II sem. 21_22/Układy Cyfrowe/gotowce/MEGAPAKA/04. Układy czasowe/4,Paczka II sem. 21_22/Układy Cyfrowe/gotowce/MEGAPAKA/04. Układy czasowe/Cudze/4,6,8,5,0.8333,0.5556,6,8
Paczki INFA/Paczka 2 sem. 23_24/Podstawy Elektroniki i Metrologii/Układy Cyfrowe/gotowce/MEGAPAKA/lab 6/EW/EW/EXT,Paczki INFA/Paczka 2 sem. 23_24/Układy Cyfrowe/gotowce/MEGAPAKA/06. Liczniki scalone/lab 6/EW/EW/EXT,6,16,5,0.8333,0.2941,6,16
Paczki Infa/3 SEM/Stare Paczki/Paczka III sem. 21_22/Architektura Komputerów/Laby/2019/lab_2/lab_2.1/lab_2.2,Paczki Infa/3 SEM/Stare Paczki/Semestr 3 paczka/Architektura Komputerów/Laby/2019/lab_2/lab_2.1/lab_2.2,6,6,5,0.8333,0.7143,6,6
Paczki Infa/4 SEM/(MN) Metody Numeryczne/Stara Paczka/Lab/Labki (stare)/3/3,Paczki Infa/4 SEM/(MN) Metody Numeryczne/Stara Paczka/Lab/Labki (stare)/3/stare jakies,6,8,5,0.8333,0.5556,6,8
Paczki Infa/4 SEM/(MN) Metody Numeryczne/Stara Paczka/Lab/Labki (stare)/3/stare jakies,Paczki Infa/4 SEM/(MN) Metody Numeryczne/Stara Paczka/Lab/Labki (stare)/inny zestaw/Laboratorium/4,8,6,5,0.8333,0.5556,8,6
Paczki Infa/4 SEM/Stare Paczki/Paczka IV sem/Systemy Wbudowane i Mikroprocesory/Labki/Jennic,Paczki Infa/4 SEM/Stare Paczki/Paczka IV sem/Systemy Wbudowane i Mikroprocesory/Labki/Materiały 3 (2016-05-25 z serwera mwave.eti.pg.gda.pl)/Pliki i dokumenty,8,6,5,0.8333,0.5556,8,6
Paczki Infa/4 SEM/Stare Paczki/Paczka IV sem/Systemy Wbudowane i Mikroprocesory/Labki/Materiały (zgrane 2016-03-30 z komp. laboratoryjnego)/Czesc_1_PIC18F4520,Paczki Infa/4 SEM/Stare Paczki/Paczka IV sem/Systemy Wbudowane i Mikroprocesory/Labki/PIC/headers,14,6,5,0.8333,0.3333,19,6
Paczki INFA/Paczka 3 sem. 23_24/(BD) Bazy Danych/Wykłady,Paczki Infa/3 SEM/Stare Paczki/Paczka III sem. 21_22/Bazy Danych,65,122,54,0.8308,0.4060,66,132
Paczki INFA/Paczka 3 sem. 23_24/(BD) Bazy Danych/Wykłady,Paczki Infa/3 SEM/Stare Paczki/Semestr 3 paczka/Bazy Danych,65,121,54,0.8308,0.4091,66,126
I semestr 2024_2025/Basics of Computer Programming/Exam,Paczki INFA/Paczka 1 sem. 23_24/(PP) Podstawy Programowania/Egzamin,35,55,29,0.8286,0.4754,36,55
Paczki Infa/4 SEM/(SI) Sztuczna Inteligencja/Laby/Lab07/Przykładowe rozwiązania/Przykład 1,Paczki Infa/4 SEM/(SI) Sztuczna Inteligencja/Laby/Lab07/Przykładowe rozwiązania/Przykład 3,20,17,14,0.8235,0.6087,20,17
Paczki INFA/Paczka 2 sem. 23_24/Podstawy Elektroniki i Metrologii/Programowanie Obiektowe/egzamin,Paczki Infa/2 SEM,66,3638,54,0.8182,0.0148,67,4126
Paczka II sem. 21_22/Matematyka Dyskretna/ćwiczenia,Paczki INFA/Paczka 2 sem. 23_24/Algorytmy i Struktury Danych/Matematyka Dyskretna,82,133,67,0.8171,0.4527,82,141
Paczki INFA/Paczka 3 sem. 23_24/(JPR) Języki programowania/Projekty,Paczki Infa/3 SEM/(JP) Języki Programowania,92,238,75,0.8152,0.2941,106,280
Paczka I sem. 22_23/Wytwarzanie Aplikacji Internetowych/Egzaminy/2020_21/Zestaw 1/odpowiedzi,Paczka I sem. 22_23/Wytwarzanie Aplikacji Internetowych/Egzaminy/Odpowiedzi WAI/Paczka z odpowiedziami,16,72,13,0.8125,0.1733,16,72
Paczki Infa/3 SEM/Stare Paczki/Paczka III sem. 21_22/Architektura Komputerów/Laby/2019/lab_3,Paczki Infa/3 SEM/Stare Paczki/Semestr 3 paczka/Architektura Komputerów/Laby/2019/lab_3,137,137,111,0.8102,0.6810,145,145
Paczki Infa/3 SEM/Memy,Paczki Infa/3 SEM/Stare Paczki/Paczka III sem. 21_22,47,3671,38,0.8085,0.0103,47,4015
Paczki INFA/Paczka 2 sem. 23_24/Algorytmy i Struktury Danych/Matematyka Dyskretna,SEM2/MD_Matematyka_Dyskretna,133,93,75,0.8065,0.4967,141,93
Paczka II sem. 21_22/Podstawy Elektroniki i Metrologii/Elektronika/Wyklad,Paczki INFA/Paczka 2 sem. 23_24/Podstawy Elektroniki i Metrologii/Podstawy Elektroniki i Metrologii,31,202,25,0.8065,0.1202,31,207
Paczki Infa/3 SEM/(BD) Bazy Danych/Wykłady,Paczki Infa/3 SEM/Stare Paczki/Paczka III sem. 21_22/Bazy Danych/Wykład,58,25,20,0.8000,0.3175,59,26
Paczka I sem. 22_23/Hipertekst i Hipermedia/Wykłady__dup2,Paczka I sem./Hipertekst i Hipermedia/Wykłady,15,10,8,0.8000,0.4706,15,10
Paczki INFA/Paczka 3 sem. 23_24/(AKO) Architektura komputerów/stara_paka/Stara paczka/Slajdy/2016,Paczki Infa/3 SEM/(AKO) Architektura Komputerów/Stara paczka/AKO - grupa/Wykłady,10,17,8,0.8000,0.4211,10,17
Paczka I sem. 22_23/Algebra Liniowa/Kolokwia,Paczki INFA/Paczka 1 sem. 23_24/(AL) Algebra Liniowa/Kolokwia,5,39,4,0.8000,0.1000,5,39
Paczka II sem. 21_22/Algorytmy i Struktury Danych/Projekt/tarzan2,Paczka II sem. 21_22/Algorytmy i Struktury Danych/przykladowy projekt/AiSD-master/Projekty/4. Tarzan 2,6,5,4,0.8000,0.5714,6,5
Paczka II sem. 21_22/Układy Cyfrowe/gotowce/MEGAPAKA/06. Liczniki scalone/lab 6/EW/EW/MODELS/OPAMP_7T,Paczka II sem. 21_22/Układy Cyfrowe/gotowce/MEGAPAKA/lab 6/EW/EW/MODELS/OPAMP_7T,5,6,4,0.8000,0.5714,5,6
Paczki Infa/4 SEM/(MN) Metody Numeryczne/Stara Paczka/Lab/Labki (stare)/4/stare,Paczki Infa/4 SEM/(MN) Metody Numeryczne/Stara Paczka/Lab/Labki (stare)/inny zestaw/Laboratorium/5,8,5,4,0.8000,0.4444,8,5
Paczki Infa/3 SEM/(AKO) Architektura Komputerów/Stara paczka,Paczki Infa/3 SEM/Stare Paczki/Semestr 3 paczka/Architektura Komputerów,1484,2087,1178,0.7938,0.4923,1701,2237
Paczki Infa/4 SEM/(MN) Metody Numeryczne/Stara Paczka,Paczki Infa/4 SEM/Stare Paczki/Paczka IV sem/Metody Numeryczne,695,598,473,0.7910,0.5768,786,655
I semestr 2024_2025/Obowiązkowe kursy/Normalizacja,Paczka I sem. 22_23/Szkolenia/Normalizacja,57,38,30,0.7895,0.4615,58,38
Paczka II sem. 21_22/Programowanie Obiektowe/przykladowe projekty/PrOb_proj3/venv/Lib/site-packages/pip-9.0.3-py3.6.egg/pip/_vendor/requests,Paczki INFA/Paczka 2 sem. 23_24/Podstawy Elektroniki i Metrologii/Programowanie Obiektowe/przykladowe projekty/PrOb_proj3/venv/Lib/site-packages/pip-9.0.3-py3.6.egg/pip/_vendor,19,70,15,0.7895,0.2027,19,72
Paczki INFA/Paczka 3 sem. 23_24/(AKO) Architektura komputerów/stara_paka/Stara paczka,Paczki Infa/3 SEM/Stare Paczki/Semestr 3 paczka/Architektura Komputerów,1413,2087,1108,0.7841,0.4632,1629,2237
Paczki Infa/3 SEM/(PAA) Podstawy Analizy Algorytmów/Opracowania,Paczki Infa/3 SEM/Stare Paczki,23,3712,18,0.7826,0.0048,23,7816
Paczki INFA/Paczka 2 sem. 23_24/Algorytmy i Struktury Danych/Matematyka Dyskretna,SEM2/MD_Matematyka_Dyskretna/kolokwia,133,9,7,0.7778,0.0519,141,9
Paczka II sem. 21_22/Układy Cyfrowe/gotowce/MEGAPAKA/06. Liczniki scalone/06,Paczka II sem. 21_22/Układy Cyfrowe/gotowce/MEGAPAKA/Cw6,22,26,17,0.7727,0.5484,22,26
I semestr 2024_2025/Operating Systems/Exams/Egzamin rok 2018 i starsze,Paczka II sem. 21_22/Systemy Operacyjne/egzamin,17,13,10,0.7692,0.5000,28,14
Paczki Infa/2 SEM/(AiSD) Algorytmy i Struktury Danych/Egzamin,SEM2/AiSD_Algorytmy_i_Struktury_Danych,17,210,13,0.7647,0.0607,17,212
Paczka II sem. 21_22/Układy Cyfrowe/gotowce/MEGAPAKA/04. Układy czasowe,Paczka II sem. 21_22/Układy Cyfrowe/gotowce/MEGAPAKA/4_UKLADY_CZASOWE,33,25,19,0.7600,0.4872,45,25
Paczki Infa/4 SEM/(MN) Metody Numeryczne/Stara Paczka/Projekt/Projekty (stare),Paczki Infa/4 SEM/Stare Paczki/Paczka IV sem/Metody Numeryczne/Projekt/Projekty (stare),165,204,125,0.7576,0.5123,183,211
Paczka II sem. 21_22/Algorytmy i Struktury Danych,Paczki Infa/2 SEM/(AiSD) Algorytmy i Struktury Danych,187,74,56,0.7568,0.2732,199,74
Paczki INFA/Paczka 3 sem. 23_24/(PAA) Podstawy Analizy Algorytmów/patologia (2023 pozdrawia),Paczki Infa/3 SEM/(PAA) Podstawy Analizy Algorytmów,37,151,28,0.7568,0.1750,38,159
Paczki Infa/4 SEM/(SI) Sztuczna Inteligencja/Laby/Lab07/Przykładowe rozwiązania/Przykład 2,Paczki Infa/4 SEM/(SI) Sztuczna Inteligencja/Laby/Lab07/Przykładowe rozwiązania/Przykład 4,21,20,15,0.7500,0.5769,21,20
Paczka II sem. 21_22/Algorytmy i Struktury Danych/egzaminy,SEM2/AiSD_Algorytmy_i_Struktury_Danych,16,210,12,0.7500,0.0561,16,212
III semestr 2024_2025/Databases/Lectures/materialy od infy po polsku,Paczki INFA/Paczka 3 sem. 23_24/(BD) Bazy Danych/Wykłady/Slajdy,22,12,9,0.7500,0.3600,22,13
Paczki INFA/Paczka 3 sem. 23_24/(PAA) Podstawy Analizy Algorytmów/PAA Kubale by Malik (slajdy),Paczki Infa/3 SEM/Stare Paczki/Paczka III sem. 21_22/Podstawy Analizy Algorytmów/Slajdy/2018 (może być niekompletne),21,12,9,0.7500,0.3750,21,12
Paczka I sem. 22_23/Podstawy Programowania/Egzaminy,Paczki INFA/Paczka 1 sem. 23_24/(PP) Podstawy Programowania/Egzamin/kolo 2018,29,8,6,0.7500,0.1935,29,8
Paczka I sem./Podstawy Programowania/Egzaminy,Paczki INFA/Paczka 1 sem. 23_24/(PP) Podstawy Programowania/Egzamin/kolo 2018,26,8,6,0.7500,0.2143,26,8
Paczka II sem. 21_22/Algorytmy i Struktury Danych/materiały,SEM2/AiSD_Algorytmy_i_Struktury_Danych/inne,8,11,6,0.7500,0.4615,8,11
Paczki Infa/4 SEM/(MacOS) System operacyjny MAC OS X i iOS/Wykłady,Paczki Infa/4 SEM/Stare Paczki/Paczka IV sem/Systemy macOS i iOS,8,19,6,0.7500,0.2857,8,19
I semestr 2024_2025/Operating Systems/Skrypty,Paczka II sem. 21_22/Systemy Operacyjne/przykladowe skrypty/przykladowe male skrypty,27,4,3,0.7500,0.1071,27,4
II semestr 2024_2025/Numerical Methods/Labs/labyFotyga2022iTrocheWczesniej/InstrukcjePlusWersja1/Lab4,II semestr 2024_2025/Numerical Methods/Labs/labyFotyga2022iTrocheWczesniej/InstrukcjePlusWersja1/Lab5,4,5,3,0.7500,0.5000,4,5
Paczka I sem./Wytwarzanie Aplikacji Internetowych/Egzaminy,Paczki INFA/Paczka 1 sem. 23_24/(WAI) Wytwarzania Aplikacji Internetowych/Egzamin/2016,17,4,3,0.7500,0.1667,17,4
Paczka II sem. 21_22/Programowanie Obiektowe/przykladowe projekty/PrOb_proj3/venv/Lib/site-packages/pygame/tests/run_tests__tests/print_stderr,Paczka II sem. 21_22/Programowanie Obiektowe/przykladowe projekty/PrOb_proj3/venv/Lib/site-packages/pygame/tests/run_tests__tests/print_stdout,4,4,3,0.7500,0.6000,4,4
Paczki INFA/Paczka 2 sem. 23_24/Algorytmy i Struktury Danych/Matematyka Dyskretna/2024-md,SEM2/MD_Matematyka_Dyskretna/kolokwia/kol_02,14,4,3,0.7500,0.2000,14,4
Paczki INFA/Paczka 3 sem. 23_24/(AKO) Architektura komputerów/Memy,Paczki Infa/3 SEM/Memy/PAA,4,12,3,0.7500,0.2308,4,12
Paczki INFA/Paczka 3 sem. 23_24/(AKO) Architektura komputerów/Memy,Paczki Infa/3 SEM/Stare Paczki/PAAczka,4,51,3,0.7500,0.0577,4,51
Paczki INFA/Paczka 3 sem. 23_24/(AKO) Architektura komputerów/Memy,Paczki Infa/3 SEM/Stare Paczki/Paczka III sem. 21_22/Podstawy Analizy Algorytmów/PAAczka,4,47,3,0.7500,0.0625,4,47
Paczki Infa/4 SEM/(MN) Metody Numeryczne/Stara Paczka/Projekt/2020,Paczki Infa/4 SEM/Stare Paczki/Paczka IV sem/Metody Numeryczne/Projekt/2020,154,4,3,0.7500,0.0194,173,4
Paczki Infa/4 SEM/(PT) Platformy Technologiczne/Stara Paczka/Lab/Labki - Java/Lab2/JavaFXUploader/nbproject,Paczki Infa/4 SEM/(PT) Platformy Technologiczne/Stara Paczka/Lab/Labki - Java/Lab3/eu.dragonic.Lab3/nbproject,4,12,3,0.7500,0.2308,4,12
Paczki Infa/4 SEM/Stare Paczki/Paczka IV sem/Przetwarzanie Rozproszone/Laby/Przykład 2 (2016)/setlersi/dist/run114774900/web-files,Paczki Infa/4 SEM/Stare Paczki/Paczka IV sem/Przetwarzanie Rozproszone/Laby/Przykład 2 (2016)/setlersi/dist/run934282862/web-files,4,6,3,0.7500,0.4286,4,6
Paczki Infa/4 SEM/Stare Paczki/Paczka IV sem/Systemy Wbudowane i Mikroprocesory/Labki/ATMega128,Paczki Infa/4 SEM/Stare Paczki/Paczka IV sem/Systemy Wbudowane i Mikroprocesory/Labki/Materiały (zgrane 2016-03-30 z komp. laboratoryjnego)/Czesc_2_ATMega128/cw5/doc,22,4,3,0.7500,0.1304,23,4
Paczki Infa/4 SEM/Stare Paczki/Paczka IV sem/Systemy Wbudowane i Mikroprocesory/Labki/PIC/1.3,Paczki Infa/4 SEM/Stare Paczki/Paczka IV sem/Systemy Wbudowane i Mikroprocesory/Labki/PIC/cw3usart,65,39,29,0.7436,0.3867,80,39
III semestr 2024_2025/Databases,Paczki Infa/3 SEM/(BD) Bazy Danych/Wykłady,85,58,43,0.7414,0.4300,86,59
Paczka II sem. 21_22/Układy Cyfrowe/gotowce/MEGAPAKA/04. Układy czasowe,Paczka II sem. 21_22/Układy Cyfrowe/gotowce/MEGAPAKA/4_UKLADY_CZASOWE/LAB4,33,15,11,0.7333,0.2973,45,15
Paczka II sem. 21_22/Matematyka Dyskretna,SEM2/MD_Matematyka_Dyskretna,171,93,68,0.7312,0.3469,178,93
Paczka II sem. 21_22/Układy Cyfrowe/gotowce/MEGAPAKA/08. Układy asynchroniczne,Paczka II sem. 21_22/Układy Cyfrowe/gotowce/MEGAPAKA/8_UKL_ASYNCHRONICZNE,26,29,19,0.7308,0.5278,26,29
Paczka II sem. 21_22/Algorytmy i Struktury Danych,Paczki Infa/2 SEM/(AiSD) Algorytmy i Struktury Danych/Laby,187,55,40,0.7273,0.1980,199,55
Paczki Infa/3 SEM/(PAA) Podstawy Analizy Algorytmów/Opracowania/Notatki,Paczki Infa/3 SEM/Stare Paczki/Paczka III sem. 21_22/Podstawy Analizy Algorytmów,11,274,8,0.7273,0.0289,11,295
Paczki Infa/4 SEM/(MN) Metody Numeryczne/Stara Paczka/Projekt/Projekty (stare)/Projekt 3,Paczki Infa/4 SEM/Stare Paczki/Paczka IV sem/Metody Numeryczne/Projekt/Projekty (stare)/Projekt 3,99,85,61,0.7176,0.4959,111,87
INF SEM 2/PEiM/Laby/Laby 2,Paczki Infa/2 SEM/StarePaczki/INF SEM 2/PEiM/Laby/Laby 2,7,7,5,0.7143,0.5556,7,7
Paczka II sem. 21_22/Układy Cyfrowe/gotowce/MEGAPAKA/04. Układy czasowe/Cudze/Lab4,Paczka II sem. 21_22/Układy Cyfrowe/gotowce/MEGAPAKA/04. Układy czasowe/Lab4,7,10,5,0.7143,0.4167,7,10
Paczki INFA/Paczka 3 sem. 23_24/(AKO) Architektura komputerów/stara_paka/Stara paczka/Ćwiczenia/2017 i wcześniej/Zadania/Zadania z ćwiczeń 2014,Paczki INFA/Paczka 3 sem. 23_24/(AKO) Architektura komputerów/stara_paka/Stara paczka/Ćwiczenia/2017 i wcześniej/Zadania/zadania od AJ przykładowe niby z ćwiczeń,10,7,5,0.7143,0.4167,10,7
Paczki Infa/4 SEM/(MN) Metody Numeryczne/Stara Paczka/Lab/Labki (2018)/Lab 5,Paczki Infa/4 SEM/(MN) Metody Numeryczne/Stara Paczka/Lab/Labki (2019)/Lab 5,7,16,5,0.7143,0.2778,7,16
Paczki Infa/4 SEM/(PT) Platformy Technologiczne/Stara Paczka/Lab/Labki - Java/laboratorium_4,Paczki Infa/4 SEM/(PT) Platformy Technologiczne/Stara Paczka/Lab/Labki - Java/laboratorium_5,16,7,5,0.7143,0.2778,16,7
Paczki Infa/4 SEM/(SI) Sztuczna Inteligencja/Laby/Lab04/Przykładowe rozwiązania/Przykład 3,Paczki Infa/4 SEM/(SI) Sztuczna Inteligencja/Laby/Lab04/Przykładowe rozwiązania/Przykład 4,7,7,5,0.7143,0.5556,7,7
Paczki Infa/4 SEM/Stare Paczki/Paczka IV sem/Systemy Wbudowane i Mikroprocesory/Labki/Materiały (zgrane 2016-03-30 z komp. laboratoryjnego)/Czesc_1_PIC18F4520/cw3/template/cw3usart,Paczki Infa/4 SEM/Stare Paczki/Paczka IV sem/Systemy Wbudowane i Mikroprocesory/Labki/PIC/1.3/src,7,27,5,0.7143,0.1724,7,27
Paczki Infa/4 SEM/Stare Paczki/Paczka IV sem/Systemy Wbudowane i Mikroprocesory/Labki/Materiały (zgrane 2016-03-30 z komp. laboratoryjnego)/Czesc_1_PIC18F4520/cw3/template/cw3usart,Paczki Infa/4 SEM/Stare Paczki/Paczka IV sem/Systemy Wbudowane i Mikroprocesory/Labki/PIC/cw3usart,7,39,5,0.7143,0.1220,7,39
Paczki INFA/Paczka 3 sem. 23_24,Paczki Infa,3478,12980,2483,0.7139,0.1777,3816,22747
Paczki INFA/Paczka 3 sem. 23_24,Paczki Infa/3 SEM,3478,4091,2482,0.7136,0.4879,3816,11083
Paczka I sem. 22_23/Algebra Liniowa,Paczki INFA/Paczka 1 sem. 23_24/(AL) Algebra Liniowa/Kolokwia,27,39,19,0.7037,0.4043,27,39
Paczki Infa/4 SEM/(SI) Sztuczna Inteligencja/Laby/Lab07/Przykładowe rozwiązania/Przykład 1,Paczki Infa/4 SEM/(SI) Sztuczna Inteligencja/Laby/Lab07/Przykładowe rozwiązania/Przykład 2,20,21,14,0.7000,0.5185,20,21
Paczki Infa/4 SEM/(SI) Sztuczna Inteligencja/Laby/Lab07/Przykładowe rozwiązania/Przykład 1,Paczki Infa/4 SEM/(SI) Sztuczna Inteligencja/Laby/Lab07/Przykładowe rozwiązania/Przykład 4,20,20,14,0.7000,0.5385,20,20
Paczki INFA/Paczka 3 sem. 23_24/(AKO) Architektura komputerów/stara_paka/Stara paczka/AKO - grupa/Wykłady,Paczki INFA/Paczka 3 sem. 23_24/(AKO) Architektura komputerów/stara_paka/Stara paczka/Slajdy/2016,16,10,7,0.7000,0.3684,16,10
Paczki Infa/3 SEM/(PAA) Podstawy Analizy Algorytmów,Paczki Infa/3 SEM/Stare Paczki,151,3712,105,0.6954,0.0279,159,7816
Paczki INFA/Paczka 2 sem. 23_24/Algorytmy i Struktury Danych/egzaminy,SEM2/AiSD_Algorytmy_i_Struktury_Danych,25,210,17,0.6800,0.0780,25,212
III semestr 2024_2025/Databases,Paczki INFA/Paczka 3 sem. 23_24/(BD) Bazy Danych/Wykłady,85,65,44,0.6769,0.4151,86,66
Paczki Infa/3 SEM/(PAA) Podstawy Analizy Algorytmów,Paczki Infa/3 SEM/Stare Paczki/Paczka III sem. 21_22/Podstawy Analizy Algorytmów,151,274,102,0.6755,0.3158,159,295
INF SEM 2/PEiM,Paczki Infa/2 SEM/StarePaczki/INF SEM 2/PEiM,21,21,14,0.6667,0.5000,21,21
Paczka I sem./Algebra Liniowa,Paczki INFA/Paczka 1 sem. 23_24/(AL) Algebra Liniowa/Kolokwia,21,39,14,0.6667,0.3043,21,39
AKO2020/LABY WEJŚCIÓWKI/LAB2,Paczki INFA/Paczka 3 sem. 23_24/(AKO) Architektura komputerów/stara_paka/Stara paczka/Laby,12,286,8,0.6667,0.0276,12,348
AKO2020/LABY WEJŚCIÓWKI/LAB2,Paczki Infa/3 SEM/Stare Paczki/Paczka III sem. 21_22/Architektura Komputerów/Laby,12,1057,8,0.6667,0.0075,12,1170
Paczki Infa/3 SEM/Memy/PAA,Paczki Infa/3 SEM/Stare Paczki/PAAczka,12,51,8,0.6667,0.1455,12,51
Paczki Infa/3 SEM/Memy/PAA,Paczki Infa/3 SEM/Stare Paczki/Paczka III sem. 21_22/Podstawy Analizy Algorytmów/PAAczka,12,47,8,0.6667,0.1569,12,47
INF SEM 2/PEiM/Egzaminy,Paczka II sem. 21_22/Podstawy Elektroniki i Metrologii/Metrologia/Laborki,6,75,4,0.6667,0.0519,6,75
INF SEM 2/PEiM/Egzaminy,Paczki INFA/Paczka 2 sem. 23_24/Podstawy Elektroniki i Metrologii/Metrologia/Laborki,6,62,4,0.6667,0.0625,6,62
Paczki INFA/Paczka 3 sem. 23_24/(AKO) Architektura komputerów/stara_paka/Stara paczka/AKO - grupa/Ćwiczenia/Kolokwium 3,Paczki INFA/Paczka 3 sem. 23_24/(AKO) Architektura komputerów/stara_paka/Stara paczka/Ćwiczenia/2017 i wcześniej/Kolokwium 3,6,7,4,0.6667,0.4444,6,7
Paczki INFA/Paczka 3 sem. 23_24/(MII) Multimedia i Interfejsy/Stara Paczka/Egzamin/SimpleTester,Paczki Infa/3 SEM/(GK) Grafika Komputerowa/Kolokwium/SimpleTester,9,6,4,0.6667,0.3636,9,6
Paczki Infa/4 SEM/(MN) Metody Numeryczne/Stara Paczka/Lab/Labki (stare)/3/3,Paczki Infa/4 SEM/(MN) Metody Numeryczne/Stara Paczka/Lab/Labki (stare)/inny zestaw/Laboratorium/4,6,6,4,0.6667,0.5000,6,6
Paczki Infa/4 SEM/(SI) Sztuczna Inteligencja/Laby/Lab02/Przykładowe rozwiązania/Przykład 2,Paczki Infa/4 SEM/(SI) Sztuczna Inteligencja/Laby/Lab02/Przykładowe rozwiązania/Przykład 3,6,7,4,0.6667,0.4444,6,7
Paczki Infa/4 SEM/(SI) Sztuczna Inteligencja/Laby/Lab02/Przykładowe rozwiązania/Przykład 2,Paczki Infa/4 SEM/(SI) Sztuczna Inteligencja/Laby/Lab02/Przykładowe rozwiązania/Przykład 4,6,10,4,0.6667,0.3333,6,10
INF SEM 2/AiSD/Projekt 1 parser CSS,Paczki Infa/2 SEM/StarePaczki/INF SEM 2/AiSD/Projekt 1 parser CSS,3,3,2,0.6667,0.5000,3,3
INF SEM 2/PEiM/Laby/Laby 3,Paczki Infa/2 SEM/StarePaczki/INF SEM 2/PEiM/Laby/Laby 3,3,3,2,0.6667,0.5000,3,3
Paczka I sem. 22_23/Analiza Matematyczna,Paczki INFA/Paczka 1 sem. 23_24/(AM) Analiza Matematyczna/Pomoce,29,3,2,0.6667,0.0667,29,3
Paczka I sem. 22_23/Hipertekst i Hipermedia/Laboratorium/Lab 1,Paczki INFA/Paczka 1 sem. 23_24/(HiH) Hipertekst i Hipermedia/Laby/Lab1/Pliki początkowe,11,3,2,0.6667,0.1667,11,3
Paczka I sem. 22_23/Hipertekst i Hipermedia/Laboratorium/Lab 2,Paczki INFA/Paczka 1 sem. 23_24/(HiH) Hipertekst i Hipermedia/Laby/Lab2/Pliki początkowe,6,3,2,0.6667,0.2857,6,3
Paczka I sem. 22_23/Podstawy Programowania/Egzaminy,Paczki INFA/Paczka 1 sem. 23_24/(PP) Podstawy Programowania/Egzamin/kolo 2021,29,3,2,0.6667,0.0667,29,3
Paczka II sem. 21_22/Algorytmy i Struktury Danych,Paczki Infa/2 SEM/(AiSD) Algorytmy i Struktury Danych/Egzamin/Opracowania,187,3,2,0.6667,0.0106,199,3
Paczka II sem. 21_22/Algorytmy i Struktury Danych/2020,SEM2/AiSD_Algorytmy_i_Struktury_Danych/inne/notatki,10,3,2,0.6667,0.1818,10,3
Paczka II sem. 21_22/Podstawy Fizyki/2020,SEM2/PF_Podstawy_Fizyki/opracowania,12,3,2,0.6667,0.1538,12,3
Paczka II sem. 21_22/Programowanie Obiektowe/przykladowe projekty/PrOb_proj3/venv/Lib/site-packages/pygame/tests/run_tests__tests/everything,Paczka II sem. 21_22/Programowanie Obiektowe/przykladowe projekty/PrOb_proj3/venv/Lib/site-packages/pygame/tests/run_tests__tests/timeout,3,3,2,0.6667,0.5000,3,3
Paczka II sem. 21_22/Programowanie Obiektowe/przykladowe projekty/PrOb_proj3/venv/Lib/site-packages/pygame/tests/run_tests__tests/incomplete,Paczka II sem. 21_22/Programowanie Obiektowe/przykladowe projekty/PrOb_proj3/venv/Lib/site-packages/pygame/tests/run_tests__tests/incomplete_todo,3,3,2,0.6667,0.5000,3,3
Paczka II sem. 21_22/Programowanie Obiektowe/przykladowe projekty/PrOb_proj3/venv/Lib/site-packages/pygame/tests/run_tests__tests/incomplete,Paczka II sem. 21_22/Programowanie Obiektowe/przykladowe projekty/PrOb_proj3/venv/Lib/site-packages/pygame/tests/run_tests__tests/infinite_loop,3,3,2,0.6667,0.5000,3,3
Paczka II sem. 21_22/Programowanie Obiektowe/przykladowe projekty/PrOb_proj3/venv/Lib/site-packages/pygame/tests/run_tests__tests/incomplete,Paczka II sem. 21_22/Programowanie Obiektowe/przykladowe projekty/PrOb_proj3/venv/Lib/site-packages/pygame/tests/run_tests__tests/print_stderr,3,4,2,0.6667,0.4000,3,4
Paczka II sem. 21_22/Programowanie Obiektowe/przykladowe projekty/PrOb_proj3/venv/Lib/site-packages/pygame/tests/run_tests__tests/incomplete,Paczka II sem. 21_22/Programowanie Obiektowe/przykladowe projekty/PrOb_proj3/venv/Lib/site-packages/pygame/tests/run_tests__tests/print_stdout,3,4,2,0.6667,0.4000,3,4
Paczka II sem. 21_22/Programowanie Obiektowe/przykladowe projekty/PrOb_proj3/venv/Lib/site-packages/pygame/tests/run_tests__tests/incomplete,Paczka II sem. 21_22/Programowanie Obiektowe/przykladowe projekty/PrOb_proj3/venv/Lib/site-packages/pygame/tests/run_tests__tests/timeout,3,3,2,0.6667,0.5000,3,3
Paczka II sem. 21_22/Programowanie Obiektowe/przykladowe projekty/PrOb_proj3/venv/Lib/site-packages/pygame/tests/run_tests__tests/incomplete_todo,Paczka II sem. 21_22/Programowanie Obiektowe/przykladowe projekty/PrOb_proj3/venv/Lib/site-packages/pygame/tests/run_tests__tests/infinite_loop,3,3,2,0.6667,0.5000,3,3
Paczka II sem. 21_22/Programowanie Obiektowe/przykladowe projekty/PrOb_proj3/venv/Lib/site-packages/pygame/tests/run_tests__tests/incomplete_todo,Paczka II sem. 21_22/Programowanie Obiektowe/przykladowe projekty/PrOb_proj3/venv/Lib/site-packages/pygame/tests/run_tests__tests/print_stderr,3,4,2,0.6667,0.4000,3,4
Paczka II sem. 21_22/Programowanie Obiektowe/przykladowe projekty/PrOb_proj3/venv/Lib/site-packages/pygame/tests/run_tests__tests/incomplete_todo,Paczka II sem. 21_22/Programowanie Obiektowe/przykladowe projekty/PrOb_proj3/venv/Lib/site-packages/pygame/tests/run_tests__tests/print_stdout,3,4,2,0.6667,0.4000,3,4
Paczka II sem. 21_22/Programowanie Obiektowe/przykladowe projekty/PrOb_proj3/venv/Lib/site-packages/pygame/tests/run_tests__tests/incomplete_todo,Paczka II sem. 21_22/Programowanie Obiektowe/przykladowe projekty/PrOb_proj3/venv/Lib/site-packages/pygame/tests/run_tests__tests/timeout,3,3,2,0.6667,0.5000,3,3
Paczka II sem. 21_22/Programowanie Obiektowe/przykladowe projekty/PrOb_proj3/venv/Lib/site-packages/pygame/tests/run_tests__tests/infinite_loop,Paczka II sem. 21_22/Programowanie Obiektowe/przykladowe projekty/PrOb_proj3/venv/Lib/site-packages/pygame/tests/run_tests__tests/print_stderr,3,4,2,0.6667,0.4000,3,4
Paczka II sem. 21_22/Programowanie Obiektowe/przykladowe projekty/PrOb_proj3/venv/Lib/site-packages/pygame/tests/run_tests__tests/infinite_loop,Paczka II sem. 21_22/Programowanie Obiektowe/przykladowe projekty/PrOb_proj3/venv/Lib/site-packages/pygame/tests/run_tests__tests/print_stdout,3,4,2,0.6667,0.4000,3,4
Paczka II sem. 21_22/Programowanie Obiektowe/przykladowe projekty/PrOb_proj3/venv/Lib/site-packages/pygame/tests/run_tests__tests/infinite_loop,Paczka II sem. 21_22/Programowanie Obiektowe/przykladowe projekty/PrOb_proj3/venv/Lib/site-packages/pygame/tests/run_tests__tests/timeout,3,3,2,0.6667,0.5000,3,3
Paczka II sem. 21_22/Programowanie Obiektowe/przykladowe projekty/PrOb_proj3/venv/Lib/site-packages/pygame/tests/run_tests__tests/print_stderr,Paczka II sem. 21_22/Programowanie Obiektowe/przykladowe projekty/PrOb_proj3/venv/Lib/site-packages/pygame/tests/run_tests__tests/timeout,4,3,2,0.6667,0.4000,4,3
Paczka II sem. 21_22/Programowanie Obiektowe/przykladowe projekty/PrOb_proj3/venv/Lib/site-packages/pygame/tests/run_tests__tests/print_stdout,Paczka II sem. 21_22/Programowanie Obiektowe/przykladowe projekty/PrOb_proj3/venv/Lib/site-packages/pygame/tests/run_tests__tests/timeout,4,3,2,0.6667,0.4000,4,3
Paczka II sem. 21_22/Układy Cyfrowe/gotowce/MEGAPAKA/06. Liczniki scalone/lab 6/EW/EW/MODELS/MOS_3TEN,Paczka II sem. 21_22/Układy Cyfrowe/gotowce/MEGAPAKA/lab 6/EW/EW/MODELS/MOS_3TEN,3,6,2,0.6667,0.2857,3,6
Paczka II sem. 21_22/Układy Cyfrowe/gotowce/MEGAPAKA/06. Liczniki scalone/lab 6/EW/EW/MODELS/ZENER,Paczka II sem. 21_22/Układy Cyfrowe/gotowce/MEGAPAKA/lab 6/EW/EW/MODELS/ZENER,3,5,2,0.6667,0.3333,3,5
Paczki INFA/Paczka 2 sem. 23_24/Algorytmy i Struktury Danych,Paczki Infa/2 SEM/(AiSD) Algorytmy i Struktury Danych/Egzamin/Opracowania,331,3,2,0.6667,0.0060,350,3
Paczki INFA/Paczka 2 sem. 23_24/Podstawy Elektroniki i Metrologii/Algorytmy i Struktury Danych,Paczki Infa/2 SEM/(AiSD) Algorytmy i Struktury Danych/Egzamin/Opracowania,198,3,2,0.6667,0.0101,209,3
Paczki INFA/Paczka 2 sem. 23_24/Podstawy Elektroniki i Metrologii/Programowanie Obiektowe/laborki,Paczki INFA/Paczka 2 sem. 23_24/Programowanie Obiektowe/Programowanie/2020/PO/laby,208,3,2,0.6667,0.0096,212,3
Paczki INFA/Paczka 2 sem. 23_24/Podstawy Fizyki/2020,SEM2/PF_Podstawy_Fizyki/opracowania,11,3,2,0.6667,0.1667,11,3
Paczki INFA/Paczka 2 sem. 23_24/Programowanie Obiektowe/Programowanie/2020/PO/laby,Paczki INFA/Paczka 2 sem. 23_24/Programowanie Obiektowe/laborki,3,200,2,0.6667,0.0100,3,204
Paczki INFA/Paczka 2 sem. 23_24/Programowanie Obiektowe/Programowanie/2020/PO/laby,SEM2/PO_Programowanie_Obiektowe/laboratoria/wspólne,3,11,2,0.6667,0.1667,3,11
Paczki INFA/Paczka 3 sem. 23_24/(AKO) Architektura komputerów/stara_paka/Stara paczka/Laby/Gotowiec 1/DOSBox,Paczki INFA/Paczka 3 sem. 23_24/(AKO) Architektura komputerów/stara_paka/Stara paczka/Laby/Gotowiec 6 (2018)+ chyba WSZYSTKIE wejściówki Cejrowskiego/ako6,8,3,2,0.6667,0.2222,8,3
Paczki INFA/Paczka 3 sem. 23_24/(AKO) Architektura komputerów/stara_paka/Stara paczka/Laby/Gotowiec 2/lab6,Paczki INFA/Paczka 3 sem. 23_24/(AKO) Architektura komputerów/stara_paka/Stara paczka/Laby/Gotowiec 6 (2018)+ chyba WSZYSTKIE wejściówki Cejrowskiego/ako6,9,3,2,0.6667,0.2000,10,3
Paczki INFA/Paczka 3 sem. 23_24/(PAA) Podstawy Analizy Algorytmów/Wykłady/Egzamin/Stare,Paczki Infa/3 SEM/(PAA) Podstawy Analizy Algorytmów/Egzamin/Stare,3,73,2,0.6667,0.0270,3,80
Paczki Infa/2 SEM/(AiSD) Algorytmy i Struktury Danych/Egzamin/Opracowania,SEM2/AiSD_Algorytmy_i_Struktury_Danych/inne/notatki,3,3,2,0.6667,0.5000,3,3
Paczki Infa/4 SEM/(MN) Metody Numeryczne/Stara Paczka/Lab/Labki (stare)/2,Paczki Infa/4 SEM/(MN) Metody Numeryczne/Stara Paczka/Lab/Labki (stare)/inny zestaw/Laboratorium/3,22,3,2,0.6667,0.0870,22,3
Paczki Infa/4 SEM/(MPwI) Metody Probabilistyczne w Informatyce/Laby/Test Raka,Paczki Infa/4 SEM/(MPwI) Metody Probabilistyczne w Informatyce/Stara Paczka/Laby/Sprawdzian,3,4,2,0.6667,0.4000,3,4
Paczki Infa/4 SEM/(PT) Platformy Technologiczne/Laby/Lab12/Przykładowe rozwiązania/przykład 1/Lab12.CliClient/bin/Debug/net7.0,Paczki Infa/4 SEM/(PT) Platformy Technologiczne/Laby/Lab12/Przykładowe rozwiązania/przykład 1/Lab12.Contracts/bin/Debug/net6.0,7,3,2,0.6667,0.2500,7,3
Paczki Infa/4 SEM/(PT) Platformy Technologiczne/Laby/Lab12/Przykładowe rozwiązania/przykład 1/Lab12.Client/bin/Debug/net6.0-windows,Paczki Infa/4 SEM/(PT) Platformy Technologiczne/Laby/Lab12/Przykładowe rozwiązania/przykład 1/Lab12.Contracts/bin/Debug/net6.0,7,3,2,0.6667,0.2500,7,3
Paczki Infa/4 SEM/(PT) Platformy Technologiczne/Laby/Lab12/Przykładowe rozwiązania/przykład 1/Lab12.Contracts/bin/Debug/net6.0,Paczki Infa/4 SEM/(PT) Platformy Technologiczne/Laby/Lab12/Przykładowe rozwiązania/przykład 1/Lab12.Contracts/obj/Debug/net6.0,3,11,2,0.6667,0.1667,3,12
Paczki Infa/4 SEM/(PT) Platformy Technologiczne/Laby/Lab12/Przykładowe rozwiązania/przykład 1/Lab12.Contracts/bin/Debug/net6.0,Paczki Infa/4 SEM/(PT) Platformy Technologiczne/Laby/Lab12/Przykładowe rozwiązania/przykład 1/Lab12.Server/bin/Debug/net6.0,3,7,2,0.6667,0.2500,3,7
Paczki Infa/4 SEM/(SI) Sztuczna Inteligencja/Stara Paczka/Książki,Paczki Infa/4 SEM/Stare Paczki/Paczka IV sem/Sztuczna Inteligencja/Książki,3,3,2,0.6667,0.5000,3,3
Paczki Infa/4 SEM/(MN) Metody Numeryczne/Stara Paczka/Projekt,Paczki Infa/4 SEM/Stare Paczki/Paczka IV sem/Metody Numeryczne/Projekt,441,331,219,0.6616,0.3960,485,340
I semestr 2024_2025/Basics of Computer Programming/Exam,Paczka I sem./Podstawy Programowania/Egzaminy,35,26,17,0.6538,0.3864,36,26
Paczki Infa/3 SEM/(PAA) Podstawy Analizy Algorytmów/Opracowania,Paczki Infa/3 SEM/Stare Paczki/Paczka III sem. 21_22/Podstawy Analizy Algorytmów,23,274,15,0.6522,0.0532,23,295
Paczki Infa/4 SEM/(MN) Metody Numeryczne/Stara Paczka/Projekt/Projekty (2018),Paczki Infa/4 SEM/Stare Paczki/Paczka IV sem/Metody Numeryczne/Projekt/Projekty (2018),93,91,59,0.6484,0.4720,97,93
Paczki INFA/Paczka 3 sem. 23_24/(BD) Bazy Danych/Wykłady/Opracowania,Paczki Infa/3 SEM/Stare Paczki/Paczka III sem. 21_22/Bazy Danych/Wykład,14,25,9,0.6429,0.3000,14,26
Paczki INFA/Paczka 3 sem. 23_24/(BD) Bazy Danych/Wykłady/Opracowania,Paczki Infa/3 SEM/Stare Paczki/Semestr 3 paczka/Bazy Danych/Wykład,14,24,9,0.6429,0.3103,14,25
I semestr 2024_2025/Obowiązkowe kursy,Paczka I sem. 22_23/Szkolenia,134,109,70,0.6422,0.4046,135,109
I semestr 2024_2025/Obowiązkowe kursy/Kurs biblioteczny,Paczka I sem. 22_23/Szkolenia/Biblioteczny,55,47,30,0.6383,0.4167,55,47
Paczka II sem. 21_22/Układy Cyfrowe/gotowce/MEGAPAKA/06. Liczniki scalone/lab 6/EW/EW/MODELS/OPAMP_5T,Paczka II sem. 21_22/Układy Cyfrowe/gotowce/MEGAPAKA/lab 6/EW/EW/MODELS/OPAMP_5T,27,22,14,0.6364,0.4000,29,24
Paczka II sem. 21_22/Układy Cyfrowe/gotowce/MEGAPAKA/lab 6/EW/EW/MODELS/OPAMP_5T,Paczki INFA/Paczka 2 sem. 23_24/Podstawy Elektroniki i Metrologii/Układy Cyfrowe/gotowce/MEGAPAKA/06. Liczniki scalone/lab 6/EW/EW/MODELS/OPAMP_5T,22,26,14,0.6364,0.4118,24,28
Paczka II sem. 21_22/Algorytmy i Struktury Danych/Projekt,Paczka II sem. 21_22/Algorytmy i Struktury Danych/przykladowy projekt,12,11,7,0.6364,0.4375,12,15
Paczki Infa/3 SEM/(PAA) Podstawy Analizy Algorytmów,Paczki Infa/3 SEM/Stare Paczki/Semestr 3 paczka/Podstawy Analizy Algorytmów,151,212,95,0.6291,0.3545,159,231
Paczki Infa/4 SEM/(MN) Metody Numeryczne/Stara Paczka/Projekt/Projekty (stare)/Projekt 3,Paczki Infa/4 SEM/Stare Paczki/Paczka IV sem/Metody Numeryczne/Projekt/Projekty (stare),99,204,62,0.6263,0.2573,111,211
Paczka II sem. 21_22/Algorytmy i Struktury Danych/egzaminy,SEM2/AiSD_Algorytmy_i_Struktury_Danych/egzamin,16,24,10,0.6250,0.3333,16,25
INF SEM 2/PEiM/Laby,Paczki Infa/2 SEM/StarePaczki/INF SEM 2/PEiM/Laby,13,13,8,0.6154,0.4444,13,13
Paczki Infa/3 SEM/(BD) Bazy Danych/Wykłady/Opracowania,Paczki Infa/3 SEM/Stare Paczki/Paczka III sem. 21_22/Bazy Danych/Wykład,13,25,8,0.6154,0.2667,13,26
Paczki Infa/3 SEM/(BD) Bazy Danych/Wykłady/Opracowania,Paczki Infa/3 SEM/Stare Paczki/Semestr 3 paczka/Bazy Danych/Wykład,13,24,8,0.6154,0.2759,13,25
Paczka I sem.,Paczki INFA/Paczka 1 sem. 23_24,303,841,186,0.6139,0.1942,328,890
Paczka I sem.,Paczki Infa/1 SEM,303,843,186,0.6139,0.1938,328,892
Paczki INFA/Paczka 3 sem. 23_24,Paczki Infa/3 SEM/Stare Paczki,3478,3712,2121,0.6098,0.4184,3816,7816
Paczki INFA/Paczka 3 sem. 23_24,Paczki Infa/3 SEM/Stare Paczki/Paczka III sem. 21_22,3478,3671,2120,0.6095,0.4216,3816,4015
Paczka II sem. 21_22/Podstawy Elektroniki i Metrologii/Elektronika,Paczki INFA/Paczka 2 sem. 23_24/Podstawy Elektroniki i Metrologii/Podstawy Elektroniki i Metrologii,104,202,63,0.6058,0.2593,104,207
II semestr 2024_2025/Algorithms and Data Stuctures/Labs/inneLaborki/Lab1_code/cmake-build-debug/CMakeFiles/3.21.1,II semestr 2024_2025/Algorithms and Data Stuctures/Labs/inneLaborki/Lab3_code/cmake-build-debug/CMakeFiles/3.21.1,10,10,6,0.6000,0.4286,10,10
II semestr 2024_2025/Algorithms and Data Stuctures/Labs/inneLaborki/Lab1_code/cmake-build-debug/CMakeFiles/3.21.1,II semestr 2024_2025/Algorithms and Data Stuctures/Labs/inneLaborki/Lab4_code/cmake-build-debug/CMakeFiles/3.21.1,10,10,6,0.6000,0.4286,10,10
II semestr 2024_2025/Algorithms and Data Stuctures/Labs/inneLaborki/Lab1_code/cmake-build-debug/CMakeFiles/3.21.1,II semestr 2024_2025/Object Programming/Project/Projekt z C++ i Javy/C++ Project/C++ Project/cmake-build-debug-coverage/CMakeFiles/3.21.1,10,12,6,0.6000,0.3750,10,12
II semestr 2024_2025/Algorithms and Data Stuctures/Labs/inneLaborki/Lab1_code/cmake-build-debug/CMakeFiles/3.21.1,II semestr 2024_2025/Object Programming/Project/Projekt z C++ i Javy/C++ Project/C++ Project/cmake-build-debug/CMakeFiles/3.21.1,10,10,6,0.6000,0.4286,10,10
II semestr 2024_2025/Algorithms and Data Stuctures/Labs/inneLaborki/Lab3_code/cmake-build-debug/CMakeFiles/3.21.1,II semestr 2024_2025/Algorithms and Data Stuctures/Labs/inneLaborki/Lab4_code/cmake-build-debug/CMakeFiles/3.21.1,10,10,6,0.6000,0.4286,10,10
II semestr 2024_2025/Algorithms and Data Stuctures/Labs/inneLaborki/Lab3_code/cmake-build-debug/CMakeFiles/3.21.1,II semestr 2024_2025/Object Programming/Project/Projekt z C++ i Javy/C++ Project/C++ Project/cmake-build-debug-coverage/CMakeFiles/3.21.1,10,12,6,0.6000,0.3750,10,12
II semestr 2024_2025/Algorithms and Data Stuctures/Labs/inneLaborki/Lab3_code/cmake-build-debug/CMakeFiles/3.21.1,II semestr 2024_2025/Object Programming/Project/Projekt z C++ i Javy/C++ Project/C++ Project/cmake-build-debug/CMakeFiles/3.21.1,10,10,6,0.6000,0.4286,10,10
II semestr 2024_2025/Algorithms and Data Stuctures/Labs/inneLaborki/Lab4_code/cmake-build-debug/CMakeFiles/3.21.1,II semestr 2024_2025/Object Programming/Project/Projekt z C++ i Javy/C++ Project/C++ Project/cmake-build-debug-coverage/CMakeFiles/3.21.1,10,12,6,0.6000,0.3750,10,12
II semestr 2024_2025/Algorithms and Data Stuctures/Labs/inneLaborki/Lab4_code/cmake-build-debug/CMakeFiles/3.21.1,II semestr 2024_2025/Object Programming/Project/Projekt z C++ i Javy/C++ Project/C++ Project/cmake-build-debug/CMakeFiles/3.21.1,10,10,6,0.6000,0.4286,10,10
II semestr 2024_2025/Object Programming/Project/Projekt z C++ i Javy/C++ Project/C++ Project/cmake-build-debug-coverage/CMakeFiles/3.21.1,II semestr 2024_2025/Object Programming/Project/Projekt z C++ i Javy/C++ Project/C++ Project/cmake-build-debug/CMakeFiles/3.21.1,12,10,6,0.6000,0.3750,12,10
Paczka II sem. 21_22/Podstawy Elektroniki i Metrologii/Elektronika/Wyklad/rzeczy,Paczka II sem. 21_22/Podstawy Elektroniki i Metrologii/Materiały PEiM,10,27,6,0.6000,0.1935,10,27
Paczka II sem. 21_22/Układy Cyfrowe/gotowce/MEGAPAKA/lab 6/EW/EW/EXT,Paczki INFA/Paczka 2 sem. 23_24/Podstawy Elektroniki i Metrologii/Układy Cyfrowe/gotowce/MEGAPAKA/06. Liczniki scalone/lab 6/EW/EW/EXT,10,17,6,0.6000,0.2857,10,17
Paczki Infa/4 SEM/(SK) Sieci Komputerowe/Wykłady/Egzamin,Paczki Infa/4 SEM/Stare Paczki/Paczka IV sem/Sieci Komputerowe/Pytania,15,10,6,0.6000,0.3158,15,10
Paczka II sem. 21_22/Algorytmy i Struktury Danych/Projekt/2k18,SEM2/AiSD_Algorytmy_i_Struktury_Danych/projekt,5,84,3,0.6000,0.0349,5,85
Paczki Infa/4 SEM/(MacOS) System operacyjny MAC OS X i iOS/Wykłady/Slajdy 2024,Paczki Infa/4 SEM/Stare Paczki/Paczka IV sem/Systemy macOS i iOS/Slajdy (2018),5,6,3,0.6000,0.3750,5,6
Paczki Infa/4 SEM/(PT) Platformy Technologiczne/Laby/Lab07/Przykładowe rozwiązania/przykład 1/lab07/bin/Debug/net7.0,Paczki Infa/4 SEM/(PT) Platformy Technologiczne/Laby/Lab07/Przykładowe rozwiązania/przykład 1/lab07/obj/Debug/net7.0,5,13,3,0.6000,0.2000,5,14
Paczki Infa/4 SEM/(PT) Platformy Technologiczne/Laby/Lab08/Przykładowe rozwiązania/przykład 1/Lab08/bin/Debug/net6.0-windows,Paczki Infa/4 SEM/(PT) Platformy Technologiczne/Laby/Lab08/Przykładowe rozwiązania/przykład 1/Lab08/obj/Debug/net6.0-windows,5,26,3,0.6000,0.1071,5,36
Paczki Infa/4 SEM/(PT) Platformy Technologiczne/Laby/Lab10/Przykładowe rozwiązania/przykład 1/Lab10/bin/Debug/net6.0-windows,Paczki Infa/4 SEM/(PT) Platformy Technologiczne/Laby/Lab10/Przykładowe rozwiązania/przykład 1/Lab10/obj/Debug/net6.0-windows,5,30,3,0.6000,0.0938,5,49
Paczki Infa/4 SEM/(PT) Platformy Technologiczne/Laby/Lab11/Przykładowe rozwiązania/przykład 1/Lab11/bin/Debug/net6.0-windows,Paczki Infa/4 SEM/(PT) Platformy Technologiczne/Laby/Lab11/Przykładowe rozwiązania/przykład 1/Lab11/obj/Debug/net6.0-windows,5,26,3,0.6000,0.1071,5,37
Paczki Infa/4 SEM/(SI) Sztuczna Inteligencja/Laby/Lab05/Przykładowe rozwiązania/Przykład 2,Paczki Infa/4 SEM/(SI) Sztuczna Inteligencja/Laby/Lab05/Przykładowe rozwiązania/Przykład 3,5,5,3,0.6000,0.4286,5,5
Paczki Infa/4 SEM/(SI) Sztuczna Inteligencja/Laby/Lab05/Przykładowe rozwiązania/Przykład 2,Paczki Infa/4 SEM/(SI) Sztuczna Inteligencja/Laby/Lab05/Przykładowe rozwiązania/Przykład 4,5,5,3,0.6000,0.4286,5,5
Paczki Infa/4 SEM/(SI) Sztuczna Inteligencja/Laby/Lab05/Przykładowe rozwiązania/Przykład 3,Paczki Infa/4 SEM/(SI) Sztuczna Inteligencja/Laby/Lab05/Przykładowe rozwiązania/Przykład 4,5,5,3,0.6000,0.4286,5,5
Paczki Infa/4 SEM/(SI) Sztuczna Inteligencja/Laby/Lab06/Przykładowe rozwiązania/Przykład 3,Paczki Infa/4 SEM/(SI) Sztuczna Inteligencja/Laby/Lab06/Przykładowe rozwiązania/Przykład 4,5,6,3,0.6000,0.3750,5,6
Paczki Infa/4 SEM/(SI) Sztuczna Inteligencja/Stara Paczka/Lab/2020/Olewniczak/Lab5,Paczki Infa/4 SEM/(SI) Sztuczna Inteligencja/Stara Paczka/Lab/2020/Olewniczak/SI_Lab5,5,5,3,0.6000,0.4286,5,5
III semestr 2024_2025/Databases/Lectures/materialy od infy po polsku,Paczki INFA/Paczka 3 sem. 23_24/(BD) Bazy Danych/Wykłady,22,65,13,0.5909,0.1757,22,66
III semestr 2024_2025/Databases/Lectures/materialy od infy po polsku,Paczki Infa/3 SEM/Stare Paczki/Paczka III sem. 21_22/Bazy Danych/Wykład,22,25,13,0.5909,0.3824,22,26
III semestr 2024_2025/Databases/Lectures/materialy od infy po polsku,Paczki Infa/3 SEM/Stare Paczki/Semestr 3 paczka/Bazy Danych/Wykład,22,24,13,0.5909,0.3939,22,25
Paczki INFA/Paczka 2 sem. 23_24/Algorytmy i Struktury Danych/Lab,SEM2/AiSD_Algorytmy_i_Struktury_Danych/laboratoria,52,39,23,0.5897,0.3382,52,39
Paczki Infa/2 SEM/(AiSD) Algorytmy i Struktury Danych/Laby,SEM2/AiSD_Algorytmy_i_Struktury_Danych/laboratoria,55,39,23,0.5897,0.3239,55,39
Paczki Infa/2 SEM/(AiSD) Algorytmy i Struktury Danych/Egzamin,SEM2/AiSD_Algorytmy_i_Struktury_Danych/egzamin,17,24,10,0.5882,0.3226,17,25
I semestr 2024_2025/Basics of Computer Programming/Exam,Paczka I sem. 22_23/Podstawy Programowania/Egzaminy,35,29,17,0.5862,0.3617,36,29
Paczki Infa/3 SEM/Memy/PAA,Paczki Infa/3 SEM/Stare Paczki/PAAczka/memes,12,16,7,0.5833,0.3333,12,16
Paczki Infa/3 SEM/Memy/PAA,Paczki Infa/3 SEM/Stare Paczki/Paczka III sem. 21_22/Podstawy Analizy Algorytmów/PAAczka/memes,12,16,7,0.5833,0.3333,12,16
Paczki Infa/4 SEM/(SI) Sztuczna Inteligencja/Laby/Lab02/Przykładowe rozwiązania/Przykład 3,Paczki Infa/4 SEM/(SI) Sztuczna Inteligencja/Laby/Lab02/Przykładowe rozwiązania/Przykład 4,7,10,4,0.5714,0.3077,7,10
Paczki Infa/4 SEM/(SI) Sztuczna Inteligencja/Laby/Lab04/Przykładowe rozwiązania/Przykład 2,Paczki Infa/4 SEM/(SI) Sztuczna Inteligencja/Laby/Lab04/Przykładowe rozwiązania/Przykład 3,7,7,4,0.5714,0.4000,7,7
Paczki Infa/4 SEM/(SI) Sztuczna Inteligencja/Laby/Lab04/Przykładowe rozwiązania/Przykład 2,Paczki Infa/4 SEM/(SI) Sztuczna Inteligencja/Laby/Lab04/Przykładowe rozwiązania/Przykład 4,7,7,4,0.5714,0.4000,7,7
Paczki Infa/4 SEM/Stare Paczki/Paczka IV sem/Systemy Wbudowane i Mikroprocesory/Labki/Materiały (zgrane 2016-03-30 z komp. laboratoryjnego)/Czesc_1_PIC18F4520/cw3/template/cw3usart,Paczki Infa/4 SEM/Stare Paczki/Paczka IV sem/Systemy Wbudowane i Mikroprocesory/Labki/PIC/1.4/src,7,15,4,0.5714,0.2222,7,15
II semestr 2024_2025/Algorithms and Data Stuctures/Exams,Paczka II sem. 21_22/Algorytmy i Struktury Danych/egzaminy,16,16,9,0.5625,0.3913,16,16
II semestr 2024_2025/Algorithms and Data Stuctures/Exams,Paczki INFA/Paczka 2 sem. 23_24/Algorytmy i Struktury Danych/egzaminy,16,25,9,0.5625,0.2812,16,25
II semestr 2024_2025/Algorithms and Data Stuctures/Exams,Paczki Infa/2 SEM/(AiSD) Algorytmy i Struktury Danych/Egzamin,16,17,9,0.5625,0.3750,16,17
II semestr 2024_2025/Algorithms and Data Stuctures/Exams,SEM2/AiSD_Algorytmy_i_Struktury_Danych/egzamin,16,24,9,0.5625,0.2903,16,25
Paczka I sem. 22_23/Hipertekst i Hipermedia,Paczki INFA/Paczka 1 sem. 23_24/(HiH) Hipertekst i Hipermedia,82,87,46,0.5610,0.3740,83,88
Paczka I sem. 22_23/Hipertekst i Hipermedia,Paczki Infa/1 SEM/(HiH) Hipertekst i Hipermedia,82,87,46,0.5610,0.3740,83,88
INF SEM 2,Paczki Infa/2 SEM/StarePaczki/INF SEM 2,61,61,34,0.5574,0.3864,61,61
Paczki INFA/Paczka 3 sem. 23_24,Paczki Infa/3 SEM/Stare Paczki/Semestr 3 paczka,3478,3352,1863,0.5558,0.3751,3816,3597
Paczki INFA/Paczka 3 sem. 23_24,Semestr 3 paczka,3478,3352,1863,0.5558,0.3751,3816,3597
Paczka II sem. 21_22/Algorytmy i Struktury Danych/Projekt,Paczka II sem. 21_22/Algorytmy i Struktury Danych/przykladowy projekt/AiSD-master,12,9,5,0.5556,0.3125,12,9
Paczki INFA/Paczka 2 sem. 23_24/Algorytmy i Struktury Danych/Matematyka Dyskretna/2024-md,SEM2/MD_Matematyka_Dyskretna/kolokwia,14,9,5,0.5556,0.2778,14,9
Paczki INFA/Paczka 2 sem. 23_24/Algorytmy i Struktury Danych/egzaminy/egz2024,SEM2/AiSD_Algorytmy_i_Struktury_Danych,9,210,5,0.5556,0.0234,9,212
Paczki INFA/Paczka 3 sem. 23_24,Paczki Infa/3 SEM/Stare Paczki/Semestr 3 paczka/Grafika Komputerowa/Kolokwium,3478,9,5,0.5556,0.0014,3816,9
III semestr 2024_2025/Databases/Lectures/materialy od infy po polsku,Paczki Infa/3 SEM/(BD) Bazy Danych/Wykłady,22,58,12,0.5455,0.1765,22,59
AKO2020/LABY WEJŚCIÓWKI/LAB3,Paczki INFA/Paczka 3 sem. 23_24/(AKO) Architektura komputerów/stara_paka/Stara paczka/Laby,11,286,6,0.5455,0.0206,11,348
AKO2020/LABY WEJŚCIÓWKI/LAB3,Paczki Infa/3 SEM/Stare Paczki/Paczka III sem. 21_22/Architektura Komputerów/Laby,11,1057,6,0.5455,0.0056,11,1170
Paczki Infa/2 SEM/(AiSD) Algorytmy i Struktury Danych/Laby/Jurkiewicz 2023,SEM2/AiSD_Algorytmy_i_Struktury_Danych/laboratoria/jurkiewicz,11,15,6,0.5455,0.3000,11,15
Paczki Infa/3 SEM/(PAA) Podstawy Analizy Algorytmów/Opracowania/Notatki,Paczki Infa/3 SEM/Stare Paczki/Paczka III sem. 21_22/Podstawy Analizy Algorytmów/Notatki,11,35,6,0.5455,0.1500,11,35
Paczki Infa/4 SEM/(SK) Sieci Komputerowe/Stara Paczka/Pytania,Paczki Infa/4 SEM/(SK) Sieci Komputerowe/Wykłady/Egzamin,11,15,6,0.5455,0.3000,11,15
Paczki Infa/4 SEM/Stare Paczki/Paczka IV sem/Systemy Wbudowane i Mikroprocesory/Labki/PIC/1.3/src-backup,Paczki Infa/4 SEM/Stare Paczki/Paczka IV sem/Systemy Wbudowane i Mikroprocesory/Labki/PIC/cw3usart,24,39,13,0.5417,0.2600,24,39
Paczki INFA/Paczka 2 sem. 23_24/Układy Cyfrowe/2020/UC/inne laby,SEM2/UC_Układy_Cyfrowe/laboratoria,13,51,7,0.5385,0.1228,13,52
Paczka II sem. 21_22/Układy Cyfrowe/gotowce/MEGAPAKA/06. Liczniki scalone/lab 6/EW/EW/MODELS,Paczki INFA/Paczka 2 sem. 23_24/Podstawy Elektroniki i Metrologii/Układy Cyfrowe/gotowce/MEGAPAKA/lab 6/EW/EW/MODELS,178,145,78,0.5379,0.3184,181,147
Paczki INFA/Paczka 2 sem. 23_24/Podstawy Elektroniki i Metrologii/Układy Cyfrowe/gotowce/MEGAPAKA/06. Liczniki scalone/lab 6/EW/EW/MODELS,Paczki INFA/Paczka 2 sem. 23_24/Podstawy Elektroniki i Metrologii/Układy Cyfrowe/gotowce/MEGAPAKA/lab 6/EW/EW/MODELS,177,145,78,0.5379,0.3197,180,147
Paczka I sem./Podstawy Programowania,Paczki INFA/Paczka 1 sem. 23_24/(PP) Podstawy Programowania,108,129,58,0.5370,0.3240,132,153
Paczka I sem./Podstawy Programowania,Paczki Infa/1 SEM/(PP) Podstawy Programowania,108,129,58,0.5370,0.3240,132,153
Paczka I sem. 22_23/Podstawy Programowania,Paczki INFA/Paczka 1 sem. 23_24/(PP) Podstawy Programowania,112,129,60,0.5357,0.3315,136,153
Paczka I sem. 22_23/Podstawy Programowania,Paczki Infa/1 SEM/(PP) Podstawy Programowania,112,129,60,0.5357,0.3315,136,153
Paczki INFA/Paczka 2 sem. 23_24/Algorytmy i Struktury Danych/Lab,SEM2/AiSD_Algorytmy_i_Struktury_Danych/laboratoria/jurkiewicz,52,15,8,0.5333,0.1356,52,15
Paczki Infa/2 SEM/(AiSD) Algorytmy i Struktury Danych/Laby,SEM2/AiSD_Algorytmy_i_Struktury_Danych/laboratoria/jurkiewicz,55,15,8,0.5333,0.1290,55,15
Paczka II sem. 21_22/Układy Cyfrowe/gotowce/MEGAPAKA/06. Liczniki scalone/lab 6/EW/EW/MODELS,Paczka II sem. 21_22/Układy Cyfrowe/gotowce/MEGAPAKA/lab 6/EW/EW/MODELS,178,147,78,0.5306,0.3158,181,149
Paczka II sem. 21_22/Układy Cyfrowe/gotowce/MEGAPAKA/lab 6/EW/EW/MODELS,Paczki INFA/Paczka 2 sem. 23_24/Podstawy Elektroniki i Metrologii/Układy Cyfrowe/gotowce/MEGAPAKA/06. Liczniki scalone/lab 6/EW/EW/MODELS,147,177,78,0.5306,0.3171,149,180
Paczki INFA/Paczka 2 sem. 23_24/Układy Cyfrowe/2020/UC,SEM2/UC_Układy_Cyfrowe,19,59,10,0.5263,0.1471,19,60
Paczki INFA/Paczka 2 sem. 23_24/Układy Cyfrowe/2020,SEM2/UC_Układy_Cyfrowe,21,59,11,0.5238,0.1594,21,60
III semestr 2024_2025/Databases,Paczki Infa/3 SEM/Stare Paczki/Paczka III sem. 21_22/Bazy Danych,85,122,44,0.5176,0.2699,86,132
III semestr 2024_2025/Databases,Paczki Infa/3 SEM/Stare Paczki/Semestr 3 paczka/Bazy Danych,85,121,44,0.5176,0.2716,86,126
Paczki INFA/Paczka 2 sem. 23_24/Algorytmy i Struktury Danych/egzaminy,SEM2/AiSD_Algorytmy_i_Struktury_Danych/egzamin,25,24,12,0.5000,0.3243,25,25
Paczki Infa/4 SEM/Stare Paczki/Paczka IV sem/Systemy Wbudowane i Mikroprocesory/Labki/PIC/1.3/src-backup,Paczki Infa/4 SEM/Stare Paczki/Paczka IV sem/Systemy Wbudowane i Mikroprocesory/Labki/PIC/cw4i2c,24,36,12,0.5000,0.2500,24,36
II semestr 2024_2025/Algorithms and Data Stuctures/Labs/inneLaborki/Lab1_code/cmake-build-debug/CMakeFiles,II semestr 2024_2025/Algorithms and Data Stuctures/Labs/inneLaborki/Lab3_code/cmake-build-debug/CMakeFiles,16,19,8,0.5000,0.2963,16,19
II semestr 2024_2025/Algorithms and Data Stuctures/Labs/inneLaborki/Lab1_code/cmake-build-debug/CMakeFiles,II semestr 2024_2025/Algorithms and Data Stuctures/Labs/inneLaborki/Lab4_code/cmake-build-debug/CMakeFiles,16,19,8,0.5000,0.2963,16,19
II semestr 2024_2025/Algorithms and Data Stuctures/Labs/inneLaborki/Lab1_code/cmake-build-debug/CMakeFiles,II semestr 2024_2025/Object Programming/Project/Projekt z C++ i Javy/C++ Project/C++ Project/cmake-build-debug/CMakeFiles,16,36,8,0.5000,0.1818,16,36
III semestr 2024_2025/Databases/Lectures/materialy od infy po polsku/Wykład,Paczki INFA/Paczka 3 sem. 23_24/(BD) Bazy Danych/Wykłady,16,65,8,0.5000,0.1096,16,66
III semestr 2024_2025/Databases/Lectures/materialy od infy po polsku/Wykład,Paczki Infa/3 SEM/Stare Paczki/Paczka III sem. 21_22/Bazy Danych/Wykład,16,25,8,0.5000,0.2424,16,26
III semestr 2024_2025/Databases/Lectures/materialy od infy po polsku/Wykład,Paczki Infa/3 SEM/Stare Paczki/Semestr 3 paczka/Bazy Danych/Wykład,16,24,8,0.5000,0.2500,16,25
Paczki INFA/Paczka 3 sem. 23_24/(JPR) Języki programowania/Stara paczka/Projekt/ZESTAW 1,Paczki INFA/Paczka 3 sem. 23_24/(JPR) Języki programowania/Stara paczka/Projekt/ZESTAW 2 (2017),50,16,8,0.5000,0.1379,55,16
Paczki INFA/Paczka 2 sem. 23_24/Algorytmy i Struktury Danych/Matematyka Dyskretna/2024-md,SEM2/MD_Matematyka_Dyskretna,14,93,7,0.5000,0.0700,14,93
AKO2020/LABY WEJŚCIÓWKI/LAB2,Paczki INFA/Paczka 3 sem. 23_24/(AKO) Architektura komputerów/stara_paka/Stara paczka/Laby/2021_wejsciowki+trescZadan,12,41,6,0.5000,0.1277,12,49
AKO2020/LABY WEJŚCIÓWKI/LAB2,Paczki INFA/Paczka 3 sem. 23_24/(AKO) Architektura komputerów/stara_paka/Stara paczka/Laby/wejściówki2020,12,36,6,0.5000,0.1429,12,44
Paczki INFA/Paczka 2 sem. 23_24/Algorytmy i Struktury Danych/Lab/Laby Jurkiewicz,SEM2/AiSD_Algorytmy_i_Struktury_Danych/laboratoria/jurkiewicz,12,15,6,0.5000,0.2857,12,15
Paczka II sem. 21_22/Algorytmy i Struktury Danych/2020,SEM2/AiSD_Algorytmy_i_Struktury_Danych,10,210,5,0.5000,0.0233,10,212
Paczka II sem. 21_22/Układy Cyfrowe/gotowce/MEGAPAKA/lab 6/EW/EW/EXT,Paczki INFA/Paczka 2 sem. 23_24/Układy Cyfrowe/gotowce/MEGAPAKA/06. Liczniki scalone/lab 6/EW/EW/EXT,10,16,5,0.5000,0.2381,10,16
Paczki INFA/Paczka 3 sem. 23_24,Paczki Infa/3 SEM/Stare Paczki/Paczka III sem. 21_22/Grafika Komputerowa/Kolokwium,3478,10,5,0.5000,0.0014,3816,10
Paczki Infa/4 SEM/(SK) Sieci Komputerowe/Wykłady,V semestr 2024_2025/(ETI) Tworzenie rozwiązań typu Big Data/Computer networks/archiwumNowickiWozniak/notes,21,10,5,0.5000,0.1923,21,10
Paczka II sem. 21_22/Jezyk Angielski/podreczniki,Paczki INFA/Paczka 2 sem. 23_24/Jezyk Angielski/podreczniki,67,8,4,0.5000,0.0563,67,8
Paczki Infa/4 SEM/(SI) Sztuczna Inteligencja/Stara Paczka,Paczki Infa/4 SEM/Stare Paczki/Paczka IV sem/Sztuczna Inteligencja/Slajdy (Starsze),349,8,4,0.5000,0.0113,391,11
AKO2020/LABY WEJŚCIÓWKI,Paczki INFA/Paczka 3 sem. 23_24/(AKO) Architektura komputerów/stara_paka/Stara paczka/Laby/Gotowiec 4 (2018),65,6,3,0.5000,0.0441,65,6
I semestr 2024_2025/Hipertext _ Hipermedia/Labs 2018,Paczka I sem./Hipertekst i Hipermedia/Laboratorium,24,6,3,0.5000,0.1111,24,6
INF SEM 2/PF/cwiczenia,Paczka II sem. 21_22/Podstawy Fizyki/zbiór zadań,7,6,3,0.5000,0.3000,7,6
Paczka I sem. 22_23/Hipertekst i Hipermedia/Laboratorium/Lab 2,Paczki INFA/Paczka 1 sem. 23_24/(HiH) Hipertekst i Hipermedia/Laby/Lab2,6,12,3,0.5000,0.2000,6,12
Paczka II sem. 21_22/Układy Cyfrowe/gotowce/MEGAPAKA/06. Liczniki scalone/lab 6/EW/EW/MODELS,Paczka II sem. 21_22/Układy Cyfrowe/gotowce/MEGAPAKA/lab 6/EW/EW/MODELS/MOS_3TEN,178,6,3,0.5000,0.0166,181,6
Paczka II sem. 21_22/Układy Cyfrowe/gotowce/MEGAPAKA/Cyfrowe doce,Paczka II sem. 21_22/Układy Cyfrowe/gotowce/MEGAPAKA/LAB NR 4/od Tomka cyfra/Cyfrowe/Cyfrowe,6,10,3,0.5000,0.2308,6,10
Paczka II sem. 21_22/Układy Cyfrowe/gotowce/MEGAPAKA/lab 6/EW/EW/MODELS/MOS_3TEN,Paczki INFA/Paczka 2 sem. 23_24/Podstawy Elektroniki i Metrologii/Układy Cyfrowe/gotowce/MEGAPAKA/06. Liczniki scalone/lab 6/EW/EW/MODELS,6,177,3,0.5000,0.0167,6,180
Paczki INFA/Paczka 3 sem. 23_24/(AKO) Architektura komputerów/stara_paka/Stara paczka/Laby/Gotowiec 4 (2018),Paczki INFA/Paczka 3 sem. 23_24/(AKO) Architektura komputerów/stara_paka/Stara paczka/Laby/Instrukcje 2016,6,6,3,0.5000,0.3333,6,6
Paczki Infa/4 SEM/(MN) Metody Numeryczne/Stara Paczka/Projekt/Projekty (stare)/Projekt 3/Przykład 3 (2017)/AproksymacjaFunkcjamiSklejanymi,Paczki Infa/4 SEM/(MN) Metody Numeryczne/Stara Paczka/Projekt/Projekty (stare)/Projekt 3/Przykład 3 (2017)/AproksymacjaProfiluWysokosciowego/Dane,21,6,3,0.5000,0.1250,21,6
Paczki Infa/4 SEM/(SI) Sztuczna Inteligencja/Laby/Lab02/Przykładowe rozwiązania/Przykład 1,Paczki Infa/4 SEM/(SI) Sztuczna Inteligencja/Laby/Lab02/Przykładowe rozwiązania/Przykład 2,7,6,3,0.5000,0.3000,7,6
I semestr 2024_2025/Basics of Computer Programming/Exam/2018,Paczka I sem. 22_23/Podstawy Programowania/Egzaminy,4,29,2,0.5000,0.0645,4,29
I semestr 2024_2025/Basics of Computer Programming/Exam/2018,Paczka I sem./Podstawy Programowania/Egzaminy,4,26,2,0.5000,0.0714,4,26
I semestr 2024_2025/Basics of Computer Programming/Exam/2018,Paczki INFA/Paczka 1 sem. 23_24/(PP) Podstawy Programowania/Egzamin/kolo 2018,4,8,2,0.5000,0.2000,4,8
I semestr 2024_2025/Operating Systems/Skrypty/smallScript1,Paczka II sem. 21_22/Systemy Operacyjne/przykladowe skrypty,4,22,2,0.5000,0.0833,4,22
Paczka II sem. 21_22/Systemy Operacyjne,SEM2/SO_Systemy_Operacyjne/opracowania,182,4,2,0.5000,0.0109,183,4
Paczka II sem. 21_22/Układy Cyfrowe/gotowce/MEGAPAKA/06. Liczniki scalone/lab 6/EW/EW/MODELS/BJT_NPN,Paczka II sem. 21_22/Układy Cyfrowe/gotowce/MEGAPAKA/lab 6/EW/EW/MODELS/BJT_NPN,5,4,2,0.5000,0.2857,5,4
Paczki INFA/Paczka 2 sem. 23_24/Podstawy Elektroniki i Metrologii/Systemy Operacyjne,SEM2/SO_Systemy_Operacyjne/opracowania,203,4,2,0.5000,0.0098,208,4
Paczki INFA/Paczka 2 sem. 23_24/Systemy Operacyjne,SEM2/SO_Systemy_Operacyjne/opracowania,202,4,2,0.5000,0.0098,207,4
Paczki INFA/Paczka 3 sem. 23_24/(AKO) Architektura komputerów/Memy,Paczki Infa/3 SEM/Stare Paczki/PAAczka/memes,4,16,2,0.5000,0.1111,4,16
Paczki INFA/Paczka 3 sem. 23_24/(AKO) Architektura komputerów/Memy,Paczki Infa/3 SEM/Stare Paczki/Paczka III sem. 21_22/Podstawy Analizy Algorytmów/PAAczka/memes,4,16,2,0.5000,0.1111,4,16
Paczki INFA/Paczka 3 sem. 23_24/(JPR) Języki programowania/Stara paczka/Projekt/ZESTAW 1/4. Prolog,Paczki INFA/Paczka 3 sem. 23_24/(JPR) Języki programowania/Stara paczka/Projekt/ZESTAW 2 (2017)/Prolog,7,4,2,0.5000,0.2222,8,4
Paczki Infa/4 SEM/(SI) Sztuczna Inteligencja/Stara Paczka/Lab/Labki (Jeszcze Starsze)/projekt2/rozne zestawy/rozp_obrazow_3,Paczki Infa/4 SEM/(SI) Sztuczna Inteligencja/Stara Paczka/Lab/Labki (Jeszcze Starsze)/projekt2/rozne zestawy/rozp_obrazow_8,4,5,2,0.5000,0.2857,4,5
I semestr 2024_2025/Hipertext _ Hipermedia/Labs 2018/Lab 1,Paczka I sem./Hipertekst i Hipermedia/Laboratorium/Lab 1,8,2,1,0.5000,0.1111,8,2
I semestr 2024_2025/Hipertext _ Hipermedia/Labs 2018/Lab 2,Paczka I sem./Hipertekst i Hipermedia/Laboratorium/Lab 2,6,2,1,0.5000,0.1429,6,2
I semestr 2024_2025/Hipertext _ Hipermedia/Labs 2018/Lab 3,Paczka I sem./Hipertekst i Hipermedia/Laboratorium/Lab 3,7,2,1,0.5000,0.1250,7,2
II semestr 2024_2025/Algorithms and Data Stuctures/Labs/inneLaborki/Lab1_code/cmake-build-debug/CMakeFiles/3.21.1/CompilerIdC,II semestr 2024_2025/Algorithms and Data Stuctures/Labs/inneLaborki/Lab3_code/cmake-build-debug/CMakeFiles/3.21.1/CompilerIdC,2,2,1,0.5000,0.3333,2,2
II semestr 2024_2025/Algorithms and Data Stuctures/Labs/inneLaborki/Lab1_code/cmake-build-debug/CMakeFiles/3.21.1/CompilerIdC,II semestr 2024_2025/Algorithms and Data Stuctures/Labs/inneLaborki/Lab4_code/cmake-build-debug/CMakeFiles/3.21.1/CompilerIdC,2,2,1,0.5000,0.3333,2,2
II semestr 2024_2025/Algorithms and Data Stuctures/Labs/inneLaborki/Lab1_code/cmake-build-debug/CMakeFiles/3.21.1/CompilerIdC,II semestr 2024_2025/Object Programming/Project/Projekt z C++ i Javy/C++ Project/C++ Project/cmake-build-debug-coverage/CMakeFiles/3.21.1/CompilerIdC,2,3,1,0.5000,0.2500,2,3
II semestr 2024_2025/Algorithms and Data Stuctures/Labs/inneLaborki/Lab1_code/cmake-build-debug/CMakeFiles/3.21.1/CompilerIdC,II semestr 2024_2025/Object Programming/Project/Projekt z C++ i Javy/C++ Project/C++ Project/cmake-build-debug/CMakeFiles/3.21.1/CompilerIdC,2,2,1,0.5000,0.3333,2,2
II semestr 2024_2025/Algorithms and Data Stuctures/Labs/inneLaborki/Lab1_code/cmake-build-debug/CMakeFiles/3.21.1/CompilerIdCXX,II semestr 2024_2025/Algorithms and Data Stuctures/Labs/inneLaborki/Lab3_code/cmake-build-debug/CMakeFiles/3.21.1/CompilerIdCXX,2,2,1,0.5000,0.3333,2,2
II semestr 2024_2025/Algorithms and Data Stuctures/Labs/inneLaborki/Lab1_code/cmake-build-debug/CMakeFiles/3.21.1/CompilerIdCXX,II semestr 2024_2025/Algorithms and Data Stuctures/Labs/inneLaborki/Lab4_code/cmake-build-debug/CMakeFiles/3.21.1/CompilerIdCXX,2,2,1,0.5000,0.3333,2,2
II semestr 2024_2025/Algorithms and Data Stuctures/Labs/inneLaborki/Lab1_code/cmake-build-debug/CMakeFiles/3.21.1/CompilerIdCXX,II semestr 2024_2025/Object Programming/Project/Projekt z C++ i Javy/C++ Project/C++ Project/cmake-build-debug-coverage/CMakeFiles/3.21.1/CompilerIdCXX,2,3,1,0.5000,0.2500,2,3
II semestr 2024_2025/Algorithms and Data Stuctures/Labs/inneLaborki/Lab1_code/cmake-build-debug/CMakeFiles/3.21.1/CompilerIdCXX,II semestr 2024_2025/Object Programming/Project/Projekt z C++ i Javy/C++ Project/C++ Project/cmake-build-debug/CMakeFiles/3.21.1/CompilerIdCXX,2,2,1,0.5000,0.3333,2,2
II semestr 2024_2025/Algorithms and Data Stuctures/Labs/inneLaborki/Lab3_code/cmake-build-debug/CMakeFiles/3.21.1/CompilerIdC,II semestr 2024_2025/Algorithms and Data Stuctures/Labs/inneLaborki/Lab4_code/cmake-build-debug/CMakeFiles/3.21.1/CompilerIdC,2,2,1,0.5000,0.3333,2,2
II semestr 2024_2025/Algorithms and Data Stuctures/Labs/inneLaborki/Lab3_code/cmake-build-debug/CMakeFiles/3.21.1/CompilerIdC,II semestr 2024_2025/Object Programming/Project/Projekt z C++ i Javy/C++ Project/C++ Project/cmake-build-debug-coverage/CMakeFiles/3.21.1/CompilerIdC,2,3,1,0.5000,0.2500,2,3
II semestr 2024_2025/Algorithms and Data Stuctures/Labs/inneLaborki/Lab3_code/cmake-build-debug/CMakeFiles/3.21.1/CompilerIdC,II semestr 2024_2025/Object Programming/Project/Projekt z C++ i Javy/C++ Project/C++ Project/cmake-build-debug/CMakeFiles/3.21.1/CompilerIdC,2,2,1,0.5000,0.3333,2,2
II semestr 2024_2025/Algorithms and Data Stuctures/Labs/inneLaborki/Lab3_code/cmake-build-debug/CMakeFiles/3.21.1/CompilerIdCXX,II semestr 2024_2025/Algorithms and Data Stuctures/Labs/inneLaborki/Lab4_code/cmake-build-debug/CMakeFiles/3.21.1/CompilerIdCXX,2,2,1,0.5000,0.3333,2,2
II semestr 2024_2025/Algorithms and Data Stuctures/Labs/inneLaborki/Lab3_code/cmake-build-debug/CMakeFiles/3.21.1/CompilerIdCXX,II semestr 2024_2025/Object Programming/Project/Projekt z C++ i Javy/C++ Project/C++ Project/cmake-build-debug-coverage/CMakeFiles/3.21.1/CompilerIdCXX,2,3,1,0.5000,0.2500,2,3
II semestr 2024_2025/Algorithms and Data Stuctures/Labs/inneLaborki/Lab3_code/cmake-build-debug/CMakeFiles/3.21.1/CompilerIdCXX,II semestr 2024_2025/Object Programming/Project/Projekt z C++ i Javy/C++ Project/C++ Project/cmake-build-debug/CMakeFiles/3.21.1/CompilerIdCXX,2,2,1,0.5000,0.3333,2,2
II semestr 2024_2025/Algorithms and Data Stuctures/Labs/inneLaborki/Lab4_code/cmake-build-debug/CMakeFiles/3.21.1/CompilerIdC,II semestr 2024_2025/Object Programming/Project/Projekt z C++ i Javy/C++ Project/C++ Project/cmake-build-debug-coverage/CMakeFiles/3.21.1/CompilerIdC,2,3,1,0.5000,0.2500,2,3
II semestr 2024_2025/Algorithms and Data Stuctures/Labs/inneLaborki/Lab4_code/cmake-build-debug/CMakeFiles/3.21.1/CompilerIdC,II semestr 2024_2025/Object Programming/Project/Projekt z C++ i Javy/C++ Project/C++ Project/cmake-build-debug/CMakeFiles/3.21.1/CompilerIdC,2,2,1,0.5000,0.3333,2,2
II semestr 2024_2025/Algorithms and Data Stuctures/Labs/inneLaborki/Lab4_code/cmake-build-debug/CMakeFiles/3.21.1/CompilerIdCXX,II semestr 2024_2025/Object Programming/Project/Projekt z C++ i Javy/C++ Project/C++ Project/cmake-build-debug-coverage/CMakeFiles/3.21.1/CompilerIdCXX,2,3,1,0.5000,0.2500,2,3
II semestr 2024_2025/Algorithms and Data Stuctures/Labs/inneLaborki/Lab4_code/cmake-build-debug/CMakeFiles/3.21.1/CompilerIdCXX,II semestr 2024_2025/Object Programming/Project/Projekt z C++ i Javy/C++ Project/C++ Project/cmake-build-debug/CMakeFiles/3.21.1/CompilerIdCXX,2,2,1,0.5000,0.3333,2,2
II semestr 2024_2025/Numerical Methods/Labs/labyFotyga2022iTrocheWczesniej/InstrukcjePlusWersja1/Lab3,II semestr 2024_2025/Numerical Methods/Labs/labyFotyga2022iTrocheWczesniej/Wersja2/Lab3,3,2,1,0.5000,0.2500,3,2
II semestr 2024_2025/Object Programming/Labs/inna wersja labów/2019-03-27_laborki4/Ćwiczenie 4 - materiały-20190325/javalabyy2,Paczka II sem. 21_22/Programowanie Obiektowe/przykladowe projekty/stare (nie wszystkie działają)/zestaw 2/Projekt Java/VirtualWorld - Kopia,34,2,1,0.5000,0.0286,34,2
II semestr 2024_2025/Object Programming/Project/Projekt z C++ i Javy/C++ Project/C++ Project/cmake-build-debug-coverage/CMakeFiles/3.21.1/CompilerIdC,II semestr 2024_2025/Object Programming/Project/Projekt z C++ i Javy/C++ Project/C++ Project/cmake-build-debug/CMakeFiles/3.21.1/CompilerIdC,3,2,1,0.5000,0.2500,3,2
II semestr 2024_2025/Object Programming/Project/Projekt z C++ i Javy/C++ Project/C++ Project/cmake-build-debug-coverage/CMakeFiles/3.21.1/CompilerIdCXX,II semestr 2024_2025/Object Programming/Project/Projekt z C++ i Javy/C++ Project/C++ Project/cmake-build-debug/CMakeFiles/3.21.1/CompilerIdCXX,3,2,1,0.5000,0.2500,3,2
III semestr 2024_2025/Programming Languages/Exam,Paczki Infa/3 SEM/(JP) Języki Programowania/Wykłady/Egzamin,13,2,1,0.5000,0.0714,13,2
INF SEM 2/MD/kolokwium-2,Paczki Infa/2 SEM/StarePaczki/INF SEM 2/MD/kolokwium-2,2,2,1,0.5000,0.3333,2,2
Paczka I sem. 22_23/Hipertekst i Hipermedia/Laboratorium/Lab 1/DlaStudentow/DlaStudentow/img,Paczka I sem. 22_23/Hipertekst i Hipermedia/Laboratorium/Lab 3/DlaStudentów/img,2,3,1,0.5000,0.2500,2,3
Paczka I sem. 22_23/Hipertekst i Hipermedia/Laboratorium/Lab 3,Paczki INFA/Paczka 1 sem. 23_24/(HiH) Hipertekst i Hipermedia/Laby/Lab3/Pliki początkowe,12,2,1,0.5000,0.0769,12,2
Paczka I sem. 22_23/Podstawy Programowania/Laboratorium/Laborka_2,Paczka I sem./Podstawy Programowania/Laboratorium,2,50,1,0.5000,0.0196,2,50
Paczka I sem./Hipertekst i Hipermedia/Laboratorium/Lab 3,Paczki INFA/Paczka 1 sem. 23_24/(HiH) Hipertekst i Hipermedia/Laby/Lab3/Pliki początkowe,2,2,1,0.5000,0.3333,2,2
Paczka I sem./Podstawy Programowania/Wykłady/Wyklad_02,Paczka I sem./Podstawy Programowania/Wykłady/Wyklad_05,5,2,1,0.5000,0.1667,6,4
Paczka I sem./Podstawy Programowania/Wykłady/Wyklad_02,Paczka I sem./Podstawy Programowania/Wykłady/Wyklad_06,5,2,1,0.5000,0.1667,6,6
Paczka I sem./Podstawy Programowania/Wykłady/Wyklad_02,Paczka I sem./Podstawy Programowania/Wykłady/Wyklad_07,5,2,1,0.5000,0.1667,6,6
Paczka I sem./Podstawy Programowania/Wykłady/Wyklad_02,Paczka I sem./Podstawy Programowania/Wykłady/Wyklad_09,5,2,1,0.5000,0.1667,6,4
Paczka I sem./Podstawy Programowania/Wykłady/Wyklad_02,Paczka I sem./Podstawy Programowania/Wykłady/Wyklad_10,5,2,1,0.5000,0.1667,6,6
Paczka I sem./Podstawy Programowania/Wykłady/Wyklad_05,Paczka I sem./Podstawy Programowania/Wykłady/Wyklad_06,2,2,1,0.5000,0.3333,4,6
Paczka I sem./Podstawy Programowania/Wykłady/Wyklad_05,Paczka I sem./Podstawy Programowania/Wykłady/Wyklad_07,2,2,1,0.5000,0.3333,4,6
Paczka I sem./Podstawy Programowania/Wykłady/Wyklad_05,Paczka I sem./Podstawy Programowania/Wykłady/Wyklad_09,2,2,1,0.5000,0.3333,4,4
Paczka I sem./Podstawy Programowania/Wykłady/Wyklad_05,Paczka I sem./Podstawy Programowania/Wykłady/Wyklad_10,2,2,1,0.5000,0.3333,4,6
Paczka I sem./Podstawy Programowania/Wykłady/Wyklad_06,Paczka I sem./Podstawy Programowania/Wykłady/Wyklad_07,2,2,1,0.5000,0.3333,6,6
Paczka I sem./Podstawy Programowania/Wykłady/Wyklad_06,Paczka I sem./Podstawy Programowania/Wykłady/Wyklad_09,2,2,1,0.5000,0.3333,6,4
Paczka I sem./Podstawy Programowania/Wykłady/Wyklad_06,Paczka I sem./Podstawy Programowania/Wykłady/Wyklad_10,2,2,1,0.5000,0.3333,6,6
Paczka I sem./Podstawy Programowania/Wykłady/Wyklad_07,Paczka I sem./Podstawy Programowania/Wykłady/Wyklad_09,2,2,1,0.5000,0.3333,6,4
Paczka I sem./Podstawy Programowania/Wykłady/Wyklad_07,Paczka I sem./Podstawy Programowania/Wykłady/Wyklad_10,2,2,1,0.5000,0.3333,6,6
Paczka I sem./Podstawy Programowania/Wykłady/Wyklad_09,Paczka I sem./Podstawy Programowania/Wykłady/Wyklad_10,2,2,1,0.5000,0.3333,4,6
Paczka II sem. 21_22/Algorytmy i Struktury Danych/Lab/Jurki 2018,SEM2/AiSD_Algorytmy_i_Struktury_Danych/laboratoria/jurkiewicz/trzynastka,13,2,1,0.5000,0.0714,13,2
Paczka II sem. 21_22/Algorytmy i Struktury Danych/przykladowy projekt/AiSD-master/Projekty/3. Dynamic sparse table,SEM2/AiSD_Algorytmy_i_Struktury_Danych/projekt/2024_03_trie,2,18,1,0.5000,0.0526,2,19
Paczka II sem. 21_22/Matematyka Dyskretna,SEM2/MD_Matematyka_Dyskretna/opracowania,171,2,1,0.5000,0.0058,178,2
Paczka II sem. 21_22/Programowanie Obiektowe/Programowanie/2020/PO/laby,SEM2/PO_Programowanie_Obiektowe/laboratoria/wspólne/lab_01,5,2,1,0.5000,0.1667,5,2
Paczka II sem. 21_22/Programowanie Obiektowe/Programowanie/2020/PO/laby,SEM2/PO_Programowanie_Obiektowe/laboratoria/wspólne/lab_02,5,2,1,0.5000,0.1667,5,2
Paczka II sem. 21_22/Programowanie Obiektowe/Programowanie/2020/PO/projekt1,Paczki INFA/Paczka 2 sem. 23_24/Programowanie Obiektowe/Programowanie/2020/PO,2,6,1,0.5000,0.1429,2,6
Paczka II sem. 21_22/Programowanie Obiektowe/Programowanie/Symfonia C++ - programy/Liczby pierwsze/Debug,Paczki INFA/Paczka 2 sem. 23_24/Podstawy Elektroniki i Metrologii/Programowanie Obiektowe/Programowanie/Symfonia C++ - programy/Liczby pierwsze,2,21,1,0.5000,0.0455,2,22
Paczka II sem. 21_22/Programowanie Obiektowe/Programowanie/Symfonia C++ - programy/Symfonia C++/Symfonia C++,Paczka II sem. 21_22/Programowanie Obiektowe/przykladowe projekty/stare (nie wszystkie działają)/zestaw 2/Projekt cpp/Project1/Project1,7,2,1,0.5000,0.1250,7,2
Paczka II sem. 21_22/Programowanie Obiektowe/laborki/Lab 2/Laborki Lekcja 1/Debug,Paczki INFA/Paczka 2 sem. 23_24/Podstawy Elektroniki i Metrologii/Programowanie Obiektowe/laborki/Lab 2/Laborki Lekcja 1,2,15,1,0.5000,0.0625,2,15
Paczka II sem. 21_22/Programowanie Obiektowe/laborki/Lab 2/Zadaanie 3/Zadaanie 3,Paczka II sem. 21_22/Programowanie Obiektowe/przykladowe projekty/stare (nie wszystkie działają)/zestaw 2/Projekt cpp/Project1/Project1,13,2,1,0.5000,0.0714,13,2
Paczka II sem. 21_22/Programowanie Obiektowe/laborki/Lab 2/Zadanie 2/Debug,Paczki INFA/Paczka 2 sem. 23_24/Podstawy Elektroniki i Metrologii/Programowanie Obiektowe/laborki/Lab 2/Zadanie 2,2,4,1,0.5000,0.2000,2,4
Paczka II sem. 21_22/Programowanie Obiektowe/laborki/Lab 2/Zadanie 2/Debug,Paczki INFA/Paczka 2 sem. 23_24/Programowanie Obiektowe/laborki/Lab 2/Zadanie 2,2,3,1,0.5000,0.2500,2,3
Paczka II sem. 21_22/Programowanie Obiektowe/laborki/Laborki 2019/Lab4/javalab2,Paczka II sem. 21_22/Programowanie Obiektowe/przykladowe projekty/stare (nie wszystkie działają)/zestaw 2/Projekt Java/VirtualWorld - Kopia,32,2,1,0.5000,0.0303,33,2
Paczka II sem. 21_22/Programowanie Obiektowe/przykladowe projekty/PrOb_proj3/venv/Lib/site-packages/pygame/tests/run_tests__tests/all_ok,Paczka II sem. 21_22/Programowanie Obiektowe/przykladowe projekty/PrOb_proj3/venv/Lib/site-packages/pygame/tests/run_tests__tests/everything,2,3,1,0.5000,0.2500,6,3
Paczka II sem. 21_22/Programowanie Obiektowe/przykladowe projekty/PrOb_proj3/venv/Lib/site-packages/pygame/tests/run_tests__tests/everything,Paczka II sem. 21_22/Programowanie Obiektowe/przykladowe projekty/PrOb_proj3/venv/Lib/site-packages/pygame/tests/run_tests__tests/failures1,3,2,1,0.5000,0.2500,3,2
Paczka II sem. 21_22/Programowanie Obiektowe/przykladowe projekty/stare (nie wszystkie działają)/zestaw 2/Projekt Java/VirtualWorld - Kopia,Paczki INFA/Paczka 2 sem. 23_24/Podstawy Elektroniki i Metrologii/Programowanie Obiektowe/laborki/Laborki 2019/Lab4/javalab2,2,29,1,0.5000,0.0333,2,30
Paczka II sem. 21_22/Programowanie Obiektowe/przykladowe projekty/stare (nie wszystkie działają)/zestaw 2/Projekt Java/VirtualWorld - Kopia,Paczki Infa/4 SEM/(PT) Platformy Technologiczne/Stara Paczka/Lab/Labki - Java/Lab1,2,13,1,0.5000,0.0714,2,13
Paczka II sem. 21_22/Programowanie Obiektowe/przykladowe projekty/stare (nie wszystkie działają)/zestaw 2/Projekt Java/VirtualWorld - Kopia,Paczki Infa/4 SEM/Stare Paczki/Paczka IV sem/Przetwarzanie Rozproszone/Laby/Przykład 2 (2016)/setlersi,2,51,1,0.5000,0.0192,2,157
Paczka II sem. 21_22/Programowanie Obiektowe/przykladowe projekty/stare (nie wszystkie działają)/zestaw 2/Projekt Java/VirtualWorld - Kopia,Paczki Infa/4 SEM/Stare Paczki/Paczka IV sem/Przetwarzanie Rozproszone/Laby/Przykład 3 (2013)/lab10,2,12,1,0.5000,0.0769,2,13
Paczka II sem. 21_22/Programowanie Obiektowe/przykladowe projekty/stare (nie wszystkie działają)/zestaw 2/Projekt Java/VirtualWorld - Kopia,Paczki Infa/4 SEM/Stare Paczki/Paczka IV sem/Przetwarzanie Rozproszone/Laby/Przykład 3 (2013)/lab9,2,11,1,0.5000,0.0833,2,12
Paczka II sem. 21_22/Programowanie Obiektowe/przykladowe projekty/stare (nie wszystkie działają)/zestaw 2/Projekt Java/VirtualWorld/nbproject/private,Paczki INFA/Paczka 2 sem. 23_24/Podstawy Elektroniki i Metrologii/Programowanie Obiektowe/przykladowe projekty/stare (nie wszystkie działają)/zestaw 2/Projekt Java/VirtualWorld/nbproject,2,2,1,0.5000,0.3333,2,2
Paczka II sem. 21_22/Programowanie Obiektowe/przykladowe projekty/stare (nie wszystkie działają)/zestaw 2/Projekt cpp/Project1/Debug,Paczki INFA/Paczka 2 sem. 23_24/Podstawy Elektroniki i Metrologii/Programowanie Obiektowe/przykladowe projekty/stare (nie wszystkie działają)/zestaw 2/Projekt cpp/Project1,2,5,1,0.5000,0.1667,2,5
Paczka II sem. 21_22/Programowanie Obiektowe/przykladowe projekty/stare (nie wszystkie działają)/zestaw 2/Projekt cpp/Project1/Project1,Paczki Infa/4 SEM/(MN) Metody Numeryczne/Stara Paczka/Projekt/Projekty (stare)/Projekt 1/Przykład 3 (2017)/SumaSzereguPotegowego,2,4,1,0.5000,0.2000,2,4
Paczka II sem. 21_22/Programowanie Obiektowe/przykladowe projekty/stare (nie wszystkie działają)/zestaw 2/Projekt cpp/Project1/Project1,Paczki Infa/4 SEM/(MN) Metody Numeryczne/Stara Paczka/Projekt/Projekty (stare)/Projekt 2/Przykład 2 (2017)/UkladyRownanLiniowych,2,4,1,0.5000,0.2000,2,4
Paczka II sem. 21_22/Programowanie Obiektowe/przykladowe projekty/stare (nie wszystkie działają)/zestaw 2/Projekt cpp/Project1/Project1,Paczki Infa/4 SEM/(MN) Metody Numeryczne/Stara Paczka/Projekt/Projekty (stare)/Projekt 2/Przykład 3 (2016)/Projekt2-Rownania/Projekt2-Rownania,2,10,1,0.5000,0.0909,2,10
Paczka II sem. 21_22/Programowanie Obiektowe/przykladowe projekty/stare (nie wszystkie działają)/zestaw 2/Projekt cpp/Project1/Project1,Paczki Infa/4 SEM/(MN) Metody Numeryczne/Stara Paczka/Projekt/Projekty (stare)/Projekt 3/Przykład 3 (2017)/AproksymacjaFunkcjamiSklejanymi,2,21,1,0.5000,0.0455,2,21
Paczka II sem. 21_22/Programowanie Obiektowe/przykladowe projekty/stare (nie wszystkie działają)/zestaw 2/Projekt cpp/Project1/Project1,Paczki Infa/4 SEM/(MN) Metody Numeryczne/Stara Paczka/Projekt/Projekty (stare)/Projekt 3/Przykład 3 (2017)/AproksymacjaProfiluWysokosciowego,2,23,1,0.5000,0.0417,2,26
Paczka II sem. 21_22/Programowanie Obiektowe/przykladowe projekty/stare (nie wszystkie działają)/zestaw 2/Projekt cpp/Project1/Project1,Paczki Infa/4 SEM/Stare Paczki/Paczka IV sem/Metody Numeryczne/Projekt/Projekty (stare)/Projekt 1/Przykład 3 (2017)/SumaSzereguPotegowego,2,16,1,0.5000,0.0588,2,16
Paczka II sem. 21_22/Programowanie Obiektowe/przykladowe projekty/stare (nie wszystkie działają)/zestaw 2/Projekt cpp/Project1/Project1,Paczki Infa/4 SEM/Stare Paczki/Paczka IV sem/Metody Numeryczne/Projekt/Projekty (stare)/Projekt 2/Przykład 3 (2016)/Projekt2-Rownania/Projekt2-Rownania,2,22,1,0.5000,0.0435,2,22
Paczka II sem. 21_22/Programowanie Obiektowe/przykladowe projekty/stare (nie wszystkie działają)/zestaw 2/Projekt cpp/World,Paczka II sem. 21_22/Programowanie Obiektowe/przykladowe projekty/stare (nie wszystkie działają)/zestaw 2/Projekt cpp/baksyp/World,29,2,1,0.5000,0.0333,29,2
Paczka II sem. 21_22/Programowanie Obiektowe/przykladowe projekty/stare (nie wszystkie działają)/zestaw 2/Projekt cpp/baksyp/World,Paczki INFA/Paczka 2 sem. 23_24/Podstawy Elektroniki i Metrologii/Programowanie Obiektowe/przykladowe projekty/stare (nie wszystkie działają)/zestaw 2/Projekt cpp/World,2,28,1,0.5000,0.0345,2,28
Paczka II sem. 21_22/Układy Cyfrowe/2020/UC,SEM2/UC_Układy_Cyfrowe/projekt,33,2,1,0.5000,0.0294,33,2
Paczka II sem. 21_22/Układy Cyfrowe/2020/UC,SEM2/UC_Układy_Cyfrowe/wykład,33,2,1,0.5000,0.0294,33,2
Paczka II sem. 21_22/Układy Cyfrowe/2020/UC/inne laby/4 Czasowe - opóźnianie,Paczki INFA/Paczka 2 sem. 23_24/Układy Cyfrowe/2020/UC/inne laby,2,13,1,0.5000,0.0714,2,13
Paczka II sem. 21_22/Układy Cyfrowe/2020/UC/inne laby/5 - ćwiczenie 1 wykrywanie sekwencji,SEM2/UC_Układy_Cyfrowe/laboratoria/laboratorium_5/symulatory,4,2,1,0.5000,0.2000,4,2
Paczka II sem. 21_22/Układy Cyfrowe/2020/UC/inne laby/5 - ćwiczenie 2 - Garay-bin,Paczki INFA/Paczka 2 sem. 23_24/Układy Cyfrowe/2020/UC/inne laby,2,13,1,0.5000,0.0714,2,13
Paczka II sem. 21_22/Układy Cyfrowe/2020/UC/inne laby/6 - licznik 0-12 cw 1,Paczki INFA/Paczka 2 sem. 23_24/Układy Cyfrowe/2020/UC/inne laby,2,13,1,0.5000,0.0714,2,13
Paczka II sem. 21_22/Układy Cyfrowe/2020/UC/inne laby/6 - licznik 0-12 cw 1,SEM2/UC_Układy_Cyfrowe/laboratoria/laboratorium_6,2,4,1,0.5000,0.2000,2,4
Paczka II sem. 21_22/Układy Cyfrowe/2020/UC/inne laby/7- 5  x X cw1,Paczki INFA/Paczka 2 sem. 23_24/Układy Cyfrowe/2020/UC/inne laby,2,13,1,0.5000,0.0714,2,13
Paczka II sem. 21_22/Układy Cyfrowe/2020/UC/inne laby/7- 5  x X cw1,SEM2/UC_Układy_Cyfrowe/laboratoria/różne_symulacje/falstadt,2,2,1,0.5000,0.3333,2,2
Paczka II sem. 21_22/Układy Cyfrowe/2020/UC/inne laby/7-licznik Johnsona - cw 3,Paczki INFA/Paczka 2 sem. 23_24/Układy Cyfrowe/2020/UC/inne laby,2,13,1,0.5000,0.0714,2,13
Paczka II sem. 21_22/Układy Cyfrowe/2020/UC/inne laby/7-licznik Johnsona - cw 3,SEM2/UC_Układy_Cyfrowe/laboratoria/laboratorium_7,2,3,1,0.5000,0.2500,2,3
Paczka II sem. 21_22/Układy Cyfrowe/2020/UC/inne laby/8-asynchroniczne cw 1,SEM2/UC_Układy_Cyfrowe/laboratoria/laboratorium_8/symulatory,4,2,1,0.5000,0.2000,4,3
Paczka II sem. 21_22/Układy Cyfrowe/2020/UC/inne laby/licznik  0-8 (nwm jak w falstadzie zrobić licznik z wejsciem),Paczki INFA/Paczka 2 sem. 23_24/Układy Cyfrowe/2020/UC/inne laby,2,13,1,0.5000,0.0714,2,13
Paczka II sem. 21_22/Układy Cyfrowe/2020/UC/inne laby/licznik  0-8 (nwm jak w falstadzie zrobić licznik z wejsciem),SEM2/UC_Układy_Cyfrowe/laboratoria/różne_symulacje/falstadt,2,2,1,0.5000,0.3333,2,2
Paczka II sem. 21_22/Układy Cyfrowe/2020/UC/moje laby,Paczki INFA/Paczka 2 sem. 23_24/Układy Cyfrowe/2020/UC,2,19,1,0.5000,0.0500,2,19
Paczka II sem. 21_22/Układy Cyfrowe/2020/UC/moje laby,SEM2/UC_Układy_Cyfrowe/laboratoria,2,51,1,0.5000,0.0192,2,52
Paczka II sem. 21_22/Układy Cyfrowe/gotowce/2/paczka2,Paczka II sem. 21_22/Układy Cyfrowe/gotowce/MEGAPAKA/2TRANSOPTOR,2,2,1,0.5000,0.3333,2,2
Paczka II sem. 21_22/Układy Cyfrowe/gotowce/8/paczka1,Paczki INFA/Paczka 2 sem. 23_24/Układy Cyfrowe/gotowce/8,2,9,1,0.5000,0.1000,2,9
Paczka II sem. 21_22/Układy Cyfrowe/gotowce/MEGAPAKA/04. Układy czasowe/4,Paczki INFA/Paczka 2 sem. 23_24/Układy Cyfrowe/gotowce/MEGAPAKA/4,6,2,1,0.5000,0.1429,6,2
Paczka II sem. 21_22/Układy Cyfrowe/gotowce/MEGAPAKA/05.uklady synchroniczne,Paczka II sem. 21_22/Układy Cyfrowe/gotowce/MEGAPAKA/uklady synchroniczne,2,2,1,0.5000,0.3333,2,2
Paczka II sem. 21_22/Układy Cyfrowe/gotowce/MEGAPAKA/06. Liczniki scalone/lab 6/EW/EW/MODELS/BJT_PNP,Paczka II sem. 21_22/Układy Cyfrowe/gotowce/MEGAPAKA/lab 6/EW/EW/MODELS/BJT_PNP,2,5,1,0.5000,0.1667,2,5
Paczka II sem. 21_22/Układy Cyfrowe/gotowce/MEGAPAKA/06. Liczniki scalone/lab 6/EW/EW/MODELS/MOS_3TDN,Paczka II sem. 21_22/Układy Cyfrowe/gotowce/MEGAPAKA/lab 6/EW/EW/MODELS,2,147,1,0.5000,0.0068,2,149
Paczka II sem. 21_22/Układy Cyfrowe/gotowce/MEGAPAKA/06. Liczniki scalone/lab 6/EW/EW/MODELS/MOS_3TDN,Paczki INFA/Paczka 2 sem. 23_24/Podstawy Elektroniki i Metrologii/Układy Cyfrowe/gotowce/MEGAPAKA/lab 6/EW/EW/MODELS,2,145,1,0.5000,0.0068,2,147
Paczka II sem. 21_22/Układy Cyfrowe/gotowce/MEGAPAKA/06. Liczniki scalone/lab 6/EW/EW/MODELS/MOS_3TEP,Paczka II sem. 21_22/Układy Cyfrowe/gotowce/MEGAPAKA/lab 6/EW/EW/MODELS/MOS_3TEP,2,3,1,0.5000,0.2500,2,3
Paczka II sem. 21_22/Układy Cyfrowe/gotowce/UC laborki/5/licznik rewersyjny mod n=7 - zad6,Paczki INFA/Paczka 2 sem. 23_24/Układy Cyfrowe/gotowce/UC laborki/5,2,3,1,0.5000,0.2500,2,3
Paczki INFA/Paczka 1 sem. 23_24/(HiH) Hipertekst i Hipermedia/Laby/Lab1/Finalne pliki/img,Paczki INFA/Paczka 1 sem. 23_24/(HiH) Hipertekst i Hipermedia/Laby/Lab3/Finalne pliki/img,2,5,1,0.5000,0.1667,2,5
Paczki INFA/Paczka 2 sem. 23_24/Algorytmy i Struktury Danych/Lab/Laby Jurkiewicz,SEM2/AiSD_Algorytmy_i_Struktury_Danych/laboratoria/jurkiewicz/cykle,12,2,1,0.5000,0.0769,12,2
Paczki INFA/Paczka 2 sem. 23_24/Algorytmy i Struktury Danych/Lab/Laby Jurkiewicz,SEM2/AiSD_Algorytmy_i_Struktury_Danych/laboratoria/jurkiewicz/pakowanie,12,2,1,0.5000,0.0769,12,2
Paczki INFA/Paczka 2 sem. 23_24/Algorytmy i Struktury Danych/Lab/Laby Jurkiewicz,SEM2/AiSD_Algorytmy_i_Struktury_Danych/laboratoria/jurkiewicz/palindromy,12,2,1,0.5000,0.0769,12,2
Paczki INFA/Paczka 2 sem. 23_24/Algorytmy i Struktury Danych/Lab/Laby Jurkiewicz,SEM2/AiSD_Algorytmy_i_Struktury_Danych/laboratoria/jurkiewicz/sortowanie,12,2,1,0.5000,0.0769,12,2
Paczki INFA/Paczka 2 sem. 23_24/Algorytmy i Struktury Danych/Lab/Laby Jurkiewicz,SEM2/AiSD_Algorytmy_i_Struktury_Danych/laboratoria/jurkiewicz/szpon,12,2,1,0.5000,0.0769,12,2
Paczki INFA/Paczka 2 sem. 23_24/Algorytmy i Struktury Danych/Matematyka Dyskretna/2024-md,SEM2/MD_Matematyka_Dyskretna/opracowania,14,2,1,0.5000,0.0667,14,2
Paczki INFA/Paczka 2 sem. 23_24/Podstawy Elektroniki i Metrologii/Programowanie Obiektowe/Programowanie/Symfonia C++ - programy/Symfonia C++/Debug,Paczki INFA/Paczka 2 sem. 23_24/Programowanie Obiektowe/Programowanie/Symfonia C++ - programy/Symfonia C++,2,10,1,0.5000,0.0909,2,10
Paczki INFA/Paczka 2 sem. 23_24/Podstawy Elektroniki i Metrologii/Programowanie Obiektowe/laborki,SEM2/PO_Programowanie_Obiektowe/laboratoria/wspólne/lab_01,208,2,1,0.5000,0.0048,212,2
Paczki INFA/Paczka 2 sem. 23_24/Podstawy Elektroniki i Metrologii/Programowanie Obiektowe/laborki,SEM2/PO_Programowanie_Obiektowe/laboratoria/wspólne/lab_02,208,2,1,0.5000,0.0048,212,2
Paczki INFA/Paczka 2 sem. 23_24/Podstawy Elektroniki i Metrologii/Programowanie Obiektowe/laborki/Lab 2/ConsoleApplication1/Debug,Paczki INFA/Paczka 2 sem. 23_24/Programowanie Obiektowe/laborki/Lab 2/ConsoleApplication1,2,23,1,0.5000,0.0417,2,23
Paczki INFA/Paczka 2 sem. 23_24/Programowanie Obiektowe/Programowanie/2020/PO/laby,SEM2/PO_Programowanie_Obiektowe/laboratoria/wspólne/lab_01,3,2,1,0.5000,0.2500,3,2
Paczki INFA/Paczka 2 sem. 23_24/Programowanie Obiektowe/Programowanie/2020/PO/laby,SEM2/PO_Programowanie_Obiektowe/laboratoria/wspólne/lab_02,3,2,1,0.5000,0.2500,3,2
Paczki INFA/Paczka 2 sem. 23_24/Programowanie Obiektowe/laborki,SEM2/PO_Programowanie_Obiektowe/laboratoria/wspólne/lab_01,200,2,1,0.5000,0.0050,204,2
Paczki INFA/Paczka 2 sem. 23_24/Programowanie Obiektowe/laborki,SEM2/PO_Programowanie_Obiektowe/laboratoria/wspólne/lab_02,200,2,1,0.5000,0.0050,204,2
Paczki INFA/Paczka 2 sem. 23_24/Układy Cyfrowe/2020/UC,SEM2/UC_Układy_Cyfrowe/projekt,19,2,1,0.5000,0.0500,19,2
Paczki INFA/Paczka 2 sem. 23_24/Układy Cyfrowe/2020/UC,SEM2/UC_Układy_Cyfrowe/wykład,19,2,1,0.5000,0.0500,19,2
Paczki INFA/Paczka 2 sem. 23_24/Układy Cyfrowe/2020/UC/inne laby,SEM2/UC_Układy_Cyfrowe/laboratoria/laboratorium_8/symulatory,13,2,1,0.5000,0.0714,13,3
Paczki INFA/Paczka 3 sem. 23_24/(AKO) Architektura komputerów/ako2024/druk_must_have,Paczki INFA/Paczka 3 sem. 23_24/(AKO) Architektura komputerów/stara_paka/Stara paczka/AKO - grupa/Tabele Instrukcji i Materiały Do Druku,2,10,1,0.5000,0.0909,2,10
Paczki INFA/Paczka 3 sem. 23_24/(AKO) Architektura komputerów/ako2024/druk_must_have,Paczki Infa/3 SEM/Stare Paczki/Semestr 3 paczka/Architektura Komputerów,2,2087,1,0.5000,0.0005,2,2237
Paczki INFA/Paczka 3 sem. 23_24/(AKO) Architektura komputerów/stara_paka/Stara paczka/AKO - grupa,Paczki Infa/3 SEM/(AKO) Architektura Komputerów/Stara paczka/AKO - grupa/inne,129,2,1,0.5000,0.0077,129,2
Paczki INFA/Paczka 3 sem. 23_24/(AKO) Architektura komputerów/stara_paka/Stara paczka/AKO - grupa/Ćwiczenia/Zadania z ćwiczeń/zadania od AJ przykładowe niby z ćwiczeń,Paczki INFA/Paczka 3 sem. 23_24/(AKO) Architektura komputerów/stara_paka/Stara paczka/Ćwiczenia/2017 i wcześniej/Zadania/zadania od AJ przykładowe niby z ćwiczeń/liczba_128,2,3,1,0.5000,0.2500,2,3
Paczki INFA/Paczka 3 sem. 23_24/(AKO) Architektura komputerów/stara_paka/Stara paczka/AKO - grupa/Ćwiczenia/Zadania z ćwiczeń/zadania od AJ przykładowe niby z ćwiczeń,Paczki INFA/Paczka 3 sem. 23_24/(AKO) Architektura komputerów/stara_paka/Stara paczka/Ćwiczenia/2017 i wcześniej/Zadania/zadania od AJ przykładowe niby z ćwiczeń/suma_liczb,2,2,1,0.5000,0.3333,2,2
Paczki INFA/Paczka 3 sem. 23_24/(AKO) Architektura komputerów/stara_paka/Stara paczka/Laby/2019/lab_2,Paczki Infa/3 SEM/Stare Paczki/Paczka III sem. 21_22/Architektura Komputerów/Laby/2019/lab_2/laboratorium/laboratorium,2,12,1,0.5000,0.0769,2,14
Paczki INFA/Paczka 3 sem. 23_24/(AKO) Architektura komputerów/stara_paka/Stara paczka/Laby/2019/lab_2,Paczki Infa/3 SEM/Stare Paczki/Semestr 3 paczka/Architektura Komputerów/Laby/2019/lab_2/laboratorium/laboratorium,2,12,1,0.5000,0.0769,2,14
Paczki INFA/Paczka 3 sem. 23_24/(AKO) Architektura komputerów/stara_paka/Stara paczka/Laby/2019/lab_5,Paczki Infa/3 SEM/Stare Paczki/Paczka III sem. 21_22/Architektura Komputerów/Laby/Gotowiec 3 (2018)/lab5/5.1,3,2,1,0.5000,0.2500,3,2
Paczki INFA/Paczka 3 sem. 23_24/(AKO) Architektura komputerów/stara_paka/Stara paczka/Notatki,Paczki Infa/3 SEM/(AKO) Architektura Komputerów/Stara paczka/AKO - grupa/inne,47,2,1,0.5000,0.0208,47,2
Paczki INFA/Paczka 3 sem. 23_24/(AKO) Architektura komputerów/stara_paka/Stara paczka/Ćwiczenia/2017 i wcześniej/Zadania/Zadania z ćwiczeń 2014/suma_liczb,Paczki INFA/Paczka 3 sem. 23_24/(AKO) Architektura komputerów/stara_paka/Stara paczka/Ćwiczenia/2017 i wcześniej/Zadania/zadania od AJ przykładowe niby z ćwiczeń/suma_liczb,2,2,1,0.5000,0.3333,2,2
Paczki INFA/Paczka 3 sem. 23_24/(AKO) Architektura komputerów/stara_paka/Stara paczka/Ćwiczenia/2018/kolokwium2/AKO 23 zadania/Zadanie 10/Debug/Zadanie 10.tlog,Paczki Infa/3 SEM/Stare Paczki/Paczka III sem. 21_22/Architektura Komputerów/Ćwiczenia/2018/kolokwium2/AKO 23 zadania/Zadanie 10/Debug/Zadanie 10.tlog,2,6,1,0.5000,0.1429,4,6
Paczki INFA/Paczka 3 sem. 23_24/(JPR) Języki programowania/Stara paczka/Projekt/ZESTAW 1/2. Smalltalk/program/Trapez,Paczki INFA/Paczka 3 sem. 23_24/(JPR) Języki programowania/Stara paczka/Projekt/ZESTAW 2 (2017)/Smalltalk,2,3,1,0.5000,0.2500,2,3
Paczki INFA/Paczka 3 sem. 23_24/(MII) Multimedia i Interfejsy/Laby/Lab 6,Paczki INFA/Paczka 3 sem. 23_24/(MII) Multimedia i Interfejsy/Stara Paczka/Laby/lab6,2,3,1,0.5000,0.2500,2,3
Paczki Infa/2 SEM/(AiSD) Algorytmy i Struktury Danych/Laby/Jurkiewicz 2023,SEM2/AiSD_Algorytmy_i_Struktury_Danych/laboratoria/jurkiewicz/cykle,11,2,1,0.5000,0.0833,11,2
Paczki Infa/2 SEM/(AiSD) Algorytmy i Struktury Danych/Laby/Jurkiewicz 2023,SEM2/AiSD_Algorytmy_i_Struktury_Danych/laboratoria/jurkiewicz/pakowanie,11,2,1,0.5000,0.0833,11,2
Paczki Infa/2 SEM/(AiSD) Algorytmy i Struktury Danych/Laby/Jurkiewicz 2023,SEM2/AiSD_Algorytmy_i_Struktury_Danych/laboratoria/jurkiewicz/palindromy,11,2,1,0.5000,0.0833,11,2
Paczki Infa/2 SEM/(AiSD) Algorytmy i Struktury Danych/Laby/Jurkiewicz 2023,SEM2/AiSD_Algorytmy_i_Struktury_Danych/laboratoria/jurkiewicz/sortowanie,11,2,1,0.5000,0.0833,11,2
Paczki Infa/2 SEM/(AiSD) Algorytmy i Struktury Danych/Laby/Jurkiewicz 2023,SEM2/AiSD_Algorytmy_i_Struktury_Danych/laboratoria/jurkiewicz/szpon,11,2,1,0.5000,0.0833,11,2
Paczki Infa/3 SEM/(AKO) Architektura Komputerów/Stara paczka/AKO - grupa/inne,Paczki Infa/3 SEM/(AKO) Architektura Komputerów/Stara paczka/Notatki,2,117,1,0.5000,0.0085,2,117
Paczki Infa/3 SEM/(BD) Bazy Danych/Projekty/ERDConstructor,Paczki Infa/3 SEM/Stare Paczki/Paczka III sem. 21_22/Bazy Danych/Projekt,2,63,1,0.5000,0.0156,2,72
Paczki Infa/3 SEM/(PAA) Podstawy Analizy Algorytmów/Opracowania/Notatki,Paczki Infa/3 SEM/Stare Paczki/Paczka III sem. 21_22/Podstawy Analizy Algorytmów/PAAczka/wykłady,11,2,1,0.5000,0.0833,11,2
Paczki Infa/3 SEM/Stare Paczki/PAAczka/wykłady,Paczki Infa/3 SEM/Stare Paczki/Paczka III sem. 21_22/Podstawy Analizy Algorytmów/PAAczka/wykłady,3,2,1,0.5000,0.2500,3,2
Paczki Infa/3 SEM/Stare Paczki/Paczka III sem. 21_22/Architektura Komputerów/Laby/2019/lab_5,Paczki Infa/3 SEM/Stare Paczki/Paczka III sem. 21_22/Architektura Komputerów/Laby/Gotowiec 3 (2018)/lab5/5.1,188,2,1,0.5000,0.0053,196,2
Paczki Infa/3 SEM/Stare Paczki/Paczka III sem. 21_22/Architektura Komputerów/Laby/Gotowiec 3 (2018)/lab5/5.1,Paczki Infa/3 SEM/Stare Paczki/Semestr 3 paczka/Architektura Komputerów/Laby/2019/lab_5,2,188,1,0.5000,0.0053,2,196
Paczki Infa/4 SEM - broken/(PT) Platformy Technologiczne/Stara Paczka,Paczki Infa/4 SEM/(PT) Platformy Technologiczne/Wykłady/Slajdy/Slajdy-(przed-2024)/C#,2,6,1,0.5000,0.1429,2,6
Paczki Infa/4 SEM - broken/(PT) Platformy Technologiczne/Stara Paczka,Paczki Infa/4 SEM/(PT) Platformy Technologiczne/Wykłady/Slajdy/Slajdy-(przed-2024)/Java,2,12,1,0.5000,0.0769,2,12
Paczki Infa/4 SEM/(MN) Metody Numeryczne/Laby/Lab01,Paczki Infa/4 SEM/(MN) Metody Numeryczne/Stara Paczka/Lab/Labki (2018)/Lab 1,2,2,1,0.5000,0.3333,2,2
Paczki Infa/4 SEM/(MN) Metody Numeryczne/Laby/Lab01,"Paczki Infa/4 SEM/(MN) Metody Numeryczne/Stara Paczka/Lab/Labki (stare)/instrukcje, sprawka 2016",2,11,1,0.5000,0.0833,2,11
Paczki Infa/4 SEM/(MN) Metody Numeryczne/Stara Paczka/Lab/Labki (2018)/Lab 1,"Paczki Infa/4 SEM/(MN) Metody Numeryczne/Stara Paczka/Lab/Labki (stare)/instrukcje, sprawka 2016",2,11,1,0.5000,0.0833,2,11
Paczki Infa/4 SEM/(MN) Metody Numeryczne/Stara Paczka/Projekt/Projekty (stare)/Projekt 2/Przykład 2 (2017),Paczki Infa/4 SEM/Stare Paczki/Paczka IV sem/Metody Numeryczne/Projekt/Projekty (stare)/Projekt 2/Przykład 2 (2017),5,2,1,0.5000,0.1667,5,2
Paczki Infa/4 SEM/(PR) Przetwarzanie Rozproszone/Projekt/Szłapczyńska/Przykładowe rozwiązanie 1,Paczki Infa/4 SEM/(SI) Sztuczna Inteligencja/Projekty/Przykładowe rozwiązania/Przykład 1/drawing_requests,28,2,1,0.5000,0.0345,28,2
Paczki Infa/4 SEM/(PT) Platformy Technologiczne/Laby/Lab09/Przykładowe rozwiązania/przykład 2,Paczki Infa/4 SEM/(PT) Platformy Technologiczne/Laby/Lab12/Przykładowe rozwiązania/przykład 2/Lab12.Model,6,2,1,0.5000,0.1429,6,2
Paczki Infa/4 SEM/(PT) Platformy Technologiczne/Laby/Lab12/Przykładowe rozwiązania/przykład 2/Lab12.Client,Paczki Infa/4 SEM/(PT) Platformy Technologiczne/Laby/Lab12/Przykładowe rozwiązania/przykład 2/Lab12.Model,3,2,1,0.5000,0.2500,3,2
Paczki Infa/4 SEM/(PT) Platformy Technologiczne/Laby/Lab12/Przykładowe rozwiązania/przykład 2/Lab12.Model,Paczki Infa/4 SEM/(PT) Platformy Technologiczne/Laby/Lab12/Przykładowe rozwiązania/przykład 2/Lab12.Server,2,3,1,0.5000,0.2500,2,3
Paczki Infa/4 SEM/(PT) Platformy Technologiczne/Laby/Lab12/Przykładowe rozwiązania/przykład 2/Lab12.Model,Paczki Infa/4 SEM/(PT) Platformy Technologiczne/Laby/Lab12/Przykładowe rozwiązania/przykład 2/model,2,3,1,0.5000,0.2500,2,3
Paczki Infa/4 SEM/(PT) Platformy Technologiczne/Stara Paczka/Egzamin/Starsze/2009,Paczki Infa/4 SEM/(PT) Platformy Technologiczne/Stara Paczka/Egzamin/Starsze/2013,2,59,1,0.5000,0.0167,2,62
Paczki Infa/4 SEM/(PT) Platformy Technologiczne/Stara Paczka/Egzamin/Starsze/2012,Paczki Infa/4 SEM/(PT) Platformy Technologiczne/Stara Paczka/Egzamin/Starsze/2013,2,59,1,0.5000,0.0167,2,62
Paczki Infa/4 SEM/(PT) Platformy Technologiczne/Stara Paczka/Egzamin/Starsze/2013/C# 2013/ApplicationLocalization/WebLocalization/bin,Paczki Infa/4 SEM/(PT) Platformy Technologiczne/Stara Paczka/Egzamin/Starsze/2013/C# 2013/ApplicationLocalization/WebLocalization/obj/Debug,2,3,1,0.5000,0.2500,2,3
Paczki Infa/4 SEM/(PT) Platformy Technologiczne/Stara Paczka/Lab/Labki - Java/Lab2/JavaFXUploader/nbproject/private/configs,Paczki Infa/4 SEM/(PT) Platformy Technologiczne/Stara Paczka/Lab/Labki - Java/Lab3/eu.dragonic.Lab3/nbproject/private,2,5,1,0.5000,0.1667,2,5
Paczki Infa/4 SEM/(PT) Platformy Technologiczne/Stara Paczka/Lab/Labki - Java/laboratorium_4/src/main,Paczki Infa/4 SEM/(PT) Platformy Technologiczne/Stara Paczka/Lab/Labki - Java/laboratorium_5/src,10,2,1,0.5000,0.0909,10,2
Paczki Infa/4 SEM/(SI) Sztuczna Inteligencja/Laby/Lab01/Przykładowe rozwiązania/Przykład 2,Paczki Infa/4 SEM/(SI) Sztuczna Inteligencja/Laby/Lab01/Przykładowe rozwiązania/Przykład 3,3,2,1,0.5000,0.2500,3,2
Paczki Infa/4 SEM/(SI) Sztuczna Inteligencja/Stara Paczka/Egzamin/Starsze,Paczki Infa/4 SEM/Stare Paczki/Paczka IV sem/Sztuczna Inteligencja/Slajdy (Starsze)/zaliczenie,2,4,1,0.5000,0.2000,2,6
Paczki Infa/4 SEM/(SI) Sztuczna Inteligencja/Stara Paczka/Lab/Labki (Jeszcze Starsze)/labki 2014/lab2/wyzarz_zest4,Paczki Infa/4 SEM/(SI) Sztuczna Inteligencja/Stara Paczka/Lab/Labki (Jeszcze Starsze)/labki 2014/lab2/wyzarz_zest6,5,2,1,0.5000,0.1667,5,2
Paczki Infa/4 SEM/(SI) Sztuczna Inteligencja/Stara Paczka/Lab/Labki (Jeszcze Starsze)/labki 2014/lab2/wyzarz_zest5,Paczki Infa/4 SEM/(SI) Sztuczna Inteligencja/Stara Paczka/Lab/Labki (Jeszcze Starsze)/labki 2014/lab2/wyzarz_zest6,5,2,1,0.5000,0.1667,5,2
Paczki Infa/4 SEM/(SI) Sztuczna Inteligencja/Stara Paczka/Lab/Labki (Jeszcze Starsze)/labki 2014/lab2/wyzarz_zest6,Paczki Infa/4 SEM/(SI) Sztuczna Inteligencja/Stara Paczka/Lab/Labki (Jeszcze Starsze)/labki 2014/lab2/wyzarz_zest7,2,5,1,0.5000,0.1667,2,5
Paczki Infa/4 SEM/Stare Paczki/Paczka IV sem/Przetwarzanie Rozproszone/Laby/Przykład Tomasz Gajger (2019) [może nie działać]/lab1,Paczki Infa/4 SEM/Stare Paczki/Paczka IV sem/Przetwarzanie Rozproszone/Laby/Przykład Tomasz Gajger (2019) [może nie działać]/lab2,2,12,1,0.5000,0.0769,2,12
Paczki Infa/4 SEM/Stare Paczki/Paczka IV sem/Systemy Wbudowane i Mikroprocesory/Labki/Materiały (zgrane 2016-03-30 z komp. laboratoryjnego)/Czesc_1_PIC18F4520/cw1/include,Paczki Infa/4 SEM/Stare Paczki/Paczka IV sem/Systemy Wbudowane i Mikroprocesory/Labki/Materiały (zgrane 2016-03-30 z komp. laboratoryjnego)/Czesc_1_PIC18F4520/cw3/include,2,4,1,0.5000,0.2000,2,4
Paczki Infa/4 SEM/Stare Paczki/Paczka IV sem/Systemy Wbudowane i Mikroprocesory/Labki/Materiały (zgrane 2016-03-30 z komp. laboratoryjnego)/Czesc_1_PIC18F4520/cw1/include,Paczki Infa/4 SEM/Stare Paczki/Paczka IV sem/Systemy Wbudowane i Mikroprocesory/Labki/PIC/1.2,2,9,1,0.5000,0.1000,2,9
